MAE,RMSE,sMAPE,sigma_err,sigma_score,method,target,k,seed,mode,similarity,gate,calibrate,alpha,alpha_val_mae
1.9646718496083266,3.33488264818126,27.505308008554184,2.6949025005902953,3.268953161443123,M1_ANCHOR,cofactor_6396,3,42,anchor,False,False,False,1.0,
1.8847456687037853,3.199913003996756,25.85777874863696,2.5861344069199603,3.7678156384570776,M3_ANCHOR_REVIN,cofactor_6396,3,42,revin,False,False,False,1.0,
1.9655249584303494,3.5327851818072378,27.524056255085778,2.9357215139846207,3.9338968273496286,M7_FULL_REVIN_SIM_CAL,cofactor_6396,3,42,revin,True,False,True,0.75,2.387762891794265
1.947745112987732,3.5062914126458287,27.907440678970534,2.91573841273417,3.7995891107663957,M1_ANCHOR,cofactor_6396,7,42,anchor,False,False,False,1.0,
1.9342518703990728,3.451966182349988,26.4649565157001,2.8593456868796063,4.163306738210936,M3_ANCHOR_REVIN,cofactor_6396,7,42,revin,False,False,False,1.0,
1.9794227452994357,3.6863190886944137,27.575057279593985,3.110009015147006,4.379702085781048,M7_FULL_REVIN_SIM_CAL,cofactor_6396,7,42,revin,True,False,True,0.75,2.3795514856985607
1.930106872178978,3.4710564288851984,27.695962370168036,2.8851443607913216,4.292620064917556,M1_ANCHOR,cofactor_6396,14,42,anchor,False,False,False,1.0,
1.8534237469463537,3.2933790796180045,26.430977112330922,2.722531785444655,4.35067859906607,M3_ANCHOR_REVIN,cofactor_6396,14,42,revin,False,False,False,1.0,
1.8942133476993621,3.2368538259468003,27.046159704277727,2.6249038595429344,3.6588056227520327,M7_FULL_REVIN_SIM_CAL,cofactor_6396,14,42,revin,True,False,True,1.25,2.239845084140602
1.844928105984064,3.202633234473088,27.316215279104945,2.618021538121152,3.74781329708886,M1_ANCHOR,cofactor_6396,30,42,anchor,False,False,False,1.0,
1.8483248592006853,3.3498815847355248,26.87257811832965,2.794005885317977,4.8216561696508204,M3_ANCHOR_REVIN,cofactor_6396,30,42,revin,False,False,False,1.0,
1.8324193210734951,3.1980505960196677,27.383749367761183,2.6212031933273234,3.87796044338986,M7_FULL_REVIN_SIM_CAL,cofactor_6396,30,42,revin,True,False,True,1.25,2.154741194425244
5.954090481459493,10.626585421959806,20.922374392136984,8.802512434564292,2.7031334638860955,M1_ANCHOR,cofactor_6397,3,42,anchor,False,False,False,1.0,
5.593731104537385,10.09293590550934,18.866572083121355,8.401645098747615,3.0656814636527665,M3_ANCHOR_REVIN,cofactor_6397,3,42,revin,False,False,False,1.0,
5.816642755975264,10.429351302873954,19.591826694169324,8.657295957440924,2.8653844084656033,M7_FULL_REVIN_SIM_CAL,cofactor_6397,3,42,revin,True,False,True,1.25,7.542249959680211
6.070517140421527,11.06087304779854,20.874690938018297,9.246836436415299,2.864244316694155,M1_ANCHOR,cofactor_6397,7,42,anchor,False,False,False,1.0,
5.696453983676043,10.29112891270925,19.289483350272285,8.571363476731184,3.097100438603582,M3_ANCHOR_REVIN,cofactor_6397,7,42,revin,False,False,False,1.0,
5.950836919278221,10.718549531017041,20.013393217071847,8.915505129901609,2.9241164343752897,M7_FULL_REVIN_SIM_CAL,cofactor_6397,7,42,revin,True,False,True,1.25,7.834259142009105
6.029034807771767,10.82252623989041,21.001836221107215,8.98829171259302,2.7908767506393866,M1_ANCHOR,cofactor_6397,14,42,anchor,False,False,False,1.0,
5.832827601356793,10.63687070364604,19.528009800192674,8.895643741186145,2.997396126210098,M3_ANCHOR_REVIN,cofactor_6397,14,42,revin,False,False,False,1.0,
5.8352109396140355,10.564517175876466,19.742139189162547,8.807408795698054,2.8464371068601024,M7_FULL_REVIN_SIM_CAL,cofactor_6397,14,42,revin,True,False,True,1.25,7.641886980302532
5.998604705003775,10.820799086925224,20.870639094107364,9.00655627699613,2.98848487480722,M1_ANCHOR,cofactor_6397,30,42,anchor,False,False,False,1.0,
5.7890886307668294,10.556566809987913,19.358720201032344,8.82829098097876,3.047011584406018,M3_ANCHOR_REVIN,cofactor_6397,30,42,revin,False,False,False,1.0,
5.847208397246799,10.50004156856344,19.908614516843013,8.721922119428864,2.869909690929515,M7_FULL_REVIN_SIM_CAL,cofactor_6397,30,42,revin,True,False,True,1.25,7.446755731465682
1.3069321662169417,2.028298730747987,8.602139253740132,1.551215199202906,2.776523367495316,M1_ANCHOR,cofactor_6398,3,42,anchor,False,False,False,1.0,
1.2406882657136846,2.017657201734785,8.008969332975974,1.5912246080864543,6.288853001066561,M3_ANCHOR_REVIN,cofactor_6398,3,42,revin,False,False,False,1.0,
1.3670259158982483,2.1731710248796055,8.958065456827342,1.689473628962749,5.612468880945452,M7_FULL_REVIN_SIM_CAL,cofactor_6398,3,42,revin,True,False,True,0.75,1.5999986576182028
1.2911775911574517,2.049253776978909,8.55728057571935,1.5914346070764256,2.8181256824242498,M1_ANCHOR,cofactor_6398,7,42,anchor,False,False,False,1.0,
1.2505966493222274,2.0177300694617637,8.220896331291948,1.58354087519506,6.310165369350319,M3_ANCHOR_REVIN,cofactor_6398,7,42,revin,False,False,False,1.0,
1.334127690192904,2.107949531425441,8.879624975568621,1.6321568452289705,6.944377922685364,M7_FULL_REVIN_SIM_CAL,cofactor_6398,7,42,revin,True,False,True,1.0,1.5698404589276989
1.3503593889390972,2.123257972946087,9.046814678836459,1.6386391946896621,3.211683014055937,M1_ANCHOR,cofactor_6398,14,42,anchor,False,False,False,1.0,
1.288791349965649,2.0834812185857845,8.461677593208785,1.637160536077101,6.898880103632425,M3_ANCHOR_REVIN,cofactor_6398,14,42,revin,False,False,False,1.0,
1.3543823034628313,2.1600462252713797,8.961484343755973,1.6828112635458359,4.8536188689310436,M7_FULL_REVIN_SIM_CAL,cofactor_6398,14,42,revin,True,False,True,0.75,1.6079067748821998
1.399616476470034,2.1960807197379566,9.264734349433034,1.692410813899062,2.7498253532656483,M1_ANCHOR,cofactor_6398,30,42,anchor,False,False,False,1.0,
1.306572768084962,2.100534911154761,8.608116926215843,1.644840995477469,6.857055213704381,M3_ANCHOR_REVIN,cofactor_6398,30,42,revin,False,False,False,1.0,
1.3885981480809904,2.199252093536233,9.173560361209288,1.7055560578025546,4.309380150657987,M7_FULL_REVIN_SIM_CAL,cofactor_6398,30,42,revin,True,False,True,0.75,1.6168634123768668
5.091323666743822,6.875187080087776,12.11055166649687,4.620559264170966,1.7735145075462748,M1_ANCHOR,cofactor_6399,3,42,anchor,False,False,False,1.0,
4.6953801585645,6.366863773612014,11.028018509352263,4.3003386305653,1.8098684374919343,M3_ANCHOR_REVIN,cofactor_6399,3,42,revin,False,False,False,1.0,
4.6940359187191705,6.339681982201969,11.138644635118359,4.261467041464098,1.8184213465435588,M7_FULL_REVIN_SIM_CAL,cofactor_6399,3,42,revin,True,False,True,1.25,4.357994224403311
5.07054672820585,6.801197639427117,12.108693762973573,4.53306539288226,1.776102799098283,M1_ANCHOR,cofactor_6399,7,42,anchor,False,False,False,1.0,
4.781663750300669,6.471807704136823,11.223273075359092,4.361492029141258,1.789217894408628,M3_ANCHOR_REVIN,cofactor_6399,7,42,revin,False,False,False,1.0,
4.718067177886912,6.376525465763674,11.141496382456694,4.289808794472213,1.8308507931039384,M7_FULL_REVIN_SIM_CAL,cofactor_6399,7,42,revin,True,False,True,1.25,4.36401267350698
5.092302448631812,6.907816334673704,12.158083078143205,4.667910689772302,1.7899654904857092,M1_ANCHOR,cofactor_6399,14,42,anchor,False,False,False,1.0,
4.861319660695934,6.607053232276271,11.48293466527338,4.474761191237939,1.8550723648343617,M3_ANCHOR_REVIN,cofactor_6399,14,42,revin,False,False,False,1.0,
4.683384448124629,6.342276800165563,11.07037158447673,4.277021202998163,1.8339781360519145,M7_FULL_REVIN_SIM_CAL,cofactor_6399,14,42,revin,True,False,True,1.25,4.31147996514688
5.08241326485229,6.868640254515809,12.107585567108714,4.620632170090017,1.8229190176268293,M1_ANCHOR,cofactor_6399,30,42,anchor,False,False,False,1.0,
4.841273622697017,6.5770742660146855,11.520705742022233,4.452270436829083,1.8251550422877556,M3_ANCHOR_REVIN,cofactor_6399,30,42,revin,False,False,False,1.0,
4.668980737067991,6.337121531592872,11.071730912772065,4.285121119266425,1.794743055883191,M7_FULL_REVIN_SIM_CAL,cofactor_6399,30,42,revin,True,False,True,1.25,4.282081013656473
5.791244334455644,9.770821684851095,9.220315047143261,7.870131358702538,3.389380339817393,M1_ANCHOR,cofactor_6400,3,42,anchor,False,False,False,1.0,
5.661539356017791,9.504438374876358,9.01123762699545,7.634745636854019,3.6429400601940025,M3_ANCHOR_REVIN,cofactor_6400,3,42,revin,False,False,False,1.0,
5.786087662498391,10.113725226257078,9.11711383151851,8.295667312335524,3.692649066142312,M7_FULL_REVIN_SIM_CAL,cofactor_6400,3,42,revin,True,False,True,1.0,6.5110186293716135
5.795058593788518,9.8844895606712,9.220049474846629,8.008074255223995,3.597561223826636,M1_ANCHOR,cofactor_6400,7,42,anchor,False,False,False,1.0,
5.788431258813686,9.805352101137405,9.100110171713075,7.915024512838438,3.5614156054006263,M3_ANCHOR_REVIN,cofactor_6400,7,42,revin,False,False,False,1.0,
5.681579101307792,9.781876338067311,9.05396740886379,7.9632586693374385,3.51025713973428,M7_FULL_REVIN_SIM_CAL,cofactor_6400,7,42,revin,True,False,True,1.0,6.353777908387025
5.911368727011581,10.044323898262933,9.43417972357655,8.12115981956961,3.4870590628996254,M1_ANCHOR,cofactor_6400,14,42,anchor,False,False,False,1.0,
5.790901784115321,9.874869261327536,9.085592794170482,7.999206425130449,3.4940567639315536,M3_ANCHOR_REVIN,cofactor_6400,14,42,revin,False,False,False,1.0,
5.579024335384944,9.562186512442219,8.992753681279702,7.7664790935479555,3.5521303498554153,M7_FULL_REVIN_SIM_CAL,cofactor_6400,14,42,revin,True,False,True,1.0,6.380599320519738
5.873408407312006,9.926724745825606,9.45418265736517,8.003233765445914,3.6689226777811164,M1_ANCHOR,cofactor_6400,30,42,anchor,False,False,False,1.0,
5.595652243515179,9.416245697471908,8.913784420959713,7.5737871269571055,3.5304685003191945,M3_ANCHOR_REVIN,cofactor_6400,30,42,revin,False,False,False,1.0,
5.560985259155452,9.275314926579222,8.960423881734627,7.423913597728825,3.382608155936493,M7_FULL_REVIN_SIM_CAL,cofactor_6400,30,42,revin,True,False,True,1.0,6.27946876985237
1.003290868886791,1.414671723575515,34.53636716489664,0.9974164121542545,2.4441558534685313,M1_ANCHOR,cofactor_6402,3,42,anchor,False,False,False,1.0,
0.9161107950373337,1.315574079404856,29.98599486416526,0.9442446924522455,2.5676849066970764,M3_ANCHOR_REVIN,cofactor_6402,3,42,revin,False,False,False,1.0,
0.9441938898619395,1.3018517774912606,32.001511548927,0.8963402069150672,2.141592009457928,M7_FULL_REVIN_SIM_CAL,cofactor_6402,3,42,revin,True,False,True,1.25,1.007057112085154
1.0124209228861947,1.4371767828986775,35.749030440357984,1.0201094154911554,2.3929452532610793,M1_ANCHOR,cofactor_6402,7,42,anchor,False,False,False,1.0,
0.9563733189520306,1.3751874322590563,31.629318680978542,0.9882429054492873,2.630141524005946,M3_ANCHOR_REVIN,cofactor_6402,7,42,revin,False,False,False,1.0,
0.9688522144281831,1.3470547535871988,32.32403743016942,0.9359495892110147,2.2645190549339276,M7_FULL_REVIN_SIM_CAL,cofactor_6402,7,42,revin,True,False,True,1.25,1.016572849676256
1.0547812119867028,1.5496779794930664,36.585224188463215,1.1353918441708686,2.7805579627859873,M1_ANCHOR,cofactor_6402,14,42,anchor,False,False,False,1.0,
0.9771478124047926,1.4222702730658427,32.23139864595477,1.0335283685003405,2.61058618139903,M3_ANCHOR_REVIN,cofactor_6402,14,42,revin,False,False,False,1.0,
0.9657101612517346,1.3619232535319714,32.201178515874865,0.960398306951178,2.2419168982697117,M7_FULL_REVIN_SIM_CAL,cofactor_6402,14,42,revin,True,False,True,1.25,1.0181614904531038
0.9953437670152823,1.3945812269250766,35.472671848706895,0.9768715478929012,2.6416548725021674,M1_ANCHOR,cofactor_6402,30,42,anchor,False,False,False,1.0,
0.9829166085597438,1.4158300547751694,33.17389946539079,1.0191131665823205,3.026858701200738,M3_ANCHOR_REVIN,cofactor_6402,30,42,revin,False,False,False,1.0,
0.9753472581408275,1.374425289149181,32.36991362486452,0.968437295836589,2.3584704030031562,M7_FULL_REVIN_SIM_CAL,cofactor_6402,30,42,revin,True,False,True,1.25,1.0248585985454888
2.8305034868327894,4.667928771302467,11.63958021295341,3.7121126954019643,3.2674120505898365,M1_ANCHOR,cofactor_6404,3,42,anchor,False,False,False,1.0,
2.3999723239054456,3.8185227179855774,9.81831838668593,2.9702711887377724,3.1937601535260614,M3_ANCHOR_REVIN,cofactor_6404,3,42,revin,False,False,False,1.0,
2.686505855266553,4.09947668756939,11.17276892088478,3.096734978089972,2.9920714825536283,M7_FULL_REVIN_SIM_CAL,cofactor_6404,3,42,revin,True,False,True,1.0,2.5996670226195517
2.752986728421683,4.55645607268496,11.30043620198064,3.631011214941934,3.3379782292768567,M1_ANCHOR,cofactor_6404,7,42,anchor,False,False,False,1.0,
2.3737580650377126,3.7796179507167684,9.814684255936077,2.9414320407930212,3.137904189496269,M3_ANCHOR_REVIN,cofactor_6404,7,42,revin,False,False,False,1.0,
2.4306740015122914,3.7120074674579344,10.322840367752413,2.8056994976347953,3.0289129161692068,M7_FULL_REVIN_SIM_CAL,cofactor_6404,7,42,revin,True,False,True,1.25,2.3898214199431504
2.9157686942123293,4.909751014091975,11.872328958127177,3.950465909938473,3.420836788380892,M1_ANCHOR,cofactor_6404,14,42,anchor,False,False,False,1.0,
2.418637003571965,3.8820321412558823,9.97608764575349,3.0367232419395997,3.1421524126541547,M3_ANCHOR_REVIN,cofactor_6404,14,42,revin,False,False,False,1.0,
2.4441531307155753,3.637504784482177,10.294631148906621,2.6941780017190786,2.831844295285041,M7_FULL_REVIN_SIM_CAL,cofactor_6404,14,42,revin,True,False,True,1.25,2.3628239407035827
3.634354815365935,5.174269656686071,16.649127671793643,3.6832692915372807,2.6294704857962303,M1_ANCHOR,cofactor_6404,30,42,anchor,False,False,False,1.0,
2.388107765018376,3.8252962014619327,10.011164316906097,2.988496312958113,3.1268885314749064,M3_ANCHOR_REVIN,cofactor_6404,30,42,revin,False,False,False,1.0,
2.3691248523878343,3.545193971389223,10.197012927140527,2.6375448998800266,2.7954440173407824,M7_FULL_REVIN_SIM_CAL,cofactor_6404,30,42,revin,True,False,True,1.0,2.3088243114041216
1.1697054622957501,1.8795991518361272,18.88304795863345,1.4713864301369128,2.735143627717022,M1_ANCHOR,cofactor_6405,3,42,anchor,False,False,False,1.0,
1.0533865244108682,1.6794407009554533,17.748322925675655,1.3081023611310532,3.224259954351648,M3_ANCHOR_REVIN,cofactor_6405,3,42,revin,False,False,False,1.0,
1.1064735979157498,1.80381938629086,18.141830132952926,1.4246957557404885,3.1565582079636347,M7_FULL_REVIN_SIM_CAL,cofactor_6405,3,42,revin,True,False,True,1.25,1.2133009596207143
1.1925428253762946,1.9000477483982234,19.099801463931936,1.4792978639893457,2.6765059462248564,M1_ANCHOR,cofactor_6405,7,42,anchor,False,False,False,1.0,
1.1159133630508822,1.8366455469870149,18.428125906881622,1.4588677599772606,3.3373496652507324,M3_ANCHOR_REVIN,cofactor_6405,7,42,revin,False,False,False,1.0,
1.117509378413134,1.835552146544129,18.319499732282544,1.456267264384101,3.122241884799075,M7_FULL_REVIN_SIM_CAL,cofactor_6405,7,42,revin,True,False,True,1.25,1.2191848352745567
1.1919595753022056,1.9482934642553502,19.364953091616847,1.5412347257761891,2.8675102167355995,M1_ANCHOR,cofactor_6405,14,42,anchor,False,False,False,1.0,
1.115926894696298,1.789413601735302,18.72556630414396,1.398919474575358,3.3507138394275207,M3_ANCHOR_REVIN,cofactor_6405,14,42,revin,False,False,False,1.0,
1.016606199033144,1.5473581135687784,17.591097833440557,1.1666254756273278,2.7709813398835585,M7_FULL_REVIN_SIM_CAL,cofactor_6405,14,42,revin,True,False,True,1.25,1.095841064921327
1.1522525176109393,1.8085198413606225,18.988800106319733,1.3940314841480317,2.6453671422295653,M1_ANCHOR,cofactor_6405,30,42,anchor,False,False,False,1.0,
1.0659164021983072,1.6626879026544437,18.520632208975123,1.2761566870275043,3.1229529634910844,M3_ANCHOR_REVIN,cofactor_6405,30,42,revin,False,False,False,1.0,
1.005713547576136,1.5443436171729015,17.67815710444217,1.1720602536189475,2.8574487053835638,M7_FULL_REVIN_SIM_CAL,cofactor_6405,30,42,revin,True,False,True,1.25,1.0901894874256468
1.8574340576061996,2.710392890876747,22.0486570202704,1.974006325170023,2.5410334338200706,M1_ANCHOR,cofactor_6406,3,42,anchor,False,False,False,1.0,
1.6946308867497537,2.4742875498475807,20.216828413789212,1.8029890110559064,2.6488477768170315,M3_ANCHOR_REVIN,cofactor_6406,3,42,revin,False,False,False,1.0,
1.8671809174803207,2.8764331508250174,21.496948744213356,2.1881859084838062,2.8621093392944905,M7_FULL_REVIN_SIM_CAL,cofactor_6406,3,42,revin,True,False,True,1.25,1.7482952309312805
1.8995819701666867,2.8246092031701506,22.746589176390593,2.090598692384307,2.762069187788522,M1_ANCHOR,cofactor_6406,7,42,anchor,False,False,False,1.0,
1.7300844756843554,2.5239940000692247,20.722598576523044,1.837883326501199,2.8738208085050965,M3_ANCHOR_REVIN,cofactor_6406,7,42,revin,False,False,False,1.0,
1.808386586897042,2.678489003099114,21.4654057792038,1.9759997458450413,2.7947681055373077,M7_FULL_REVIN_SIM_CAL,cofactor_6406,7,42,revin,True,False,True,1.25,1.674551221074307
1.8225726203649457,2.5546784893801378,22.96594817401311,1.7902651522210091,2.453106564588804,M1_ANCHOR,cofactor_6406,14,42,anchor,False,False,False,1.0,
1.781107797824952,2.587262500746542,21.615905051970604,1.8767161958078384,2.6094851803790835,M3_ANCHOR_REVIN,cofactor_6406,14,42,revin,False,False,False,1.0,
1.7450844681779458,2.546220179075005,20.91119670520586,1.8542889152248117,2.700708380142149,M7_FULL_REVIN_SIM_CAL,cofactor_6406,14,42,revin,True,False,True,1.25,1.5965298940292696
1.7876067055921858,2.5061221092945503,22.682617820688602,1.7565682577267017,2.4002742021151238,M1_ANCHOR,cofactor_6406,30,42,anchor,False,False,False,1.0,
1.7462179467795014,2.4886196313713613,21.569702822627878,1.77324007032592,2.519661799239687,M3_ANCHOR_REVIN,cofactor_6406,30,42,revin,False,False,False,1.0,
1.6057077009303709,2.232570235347213,19.835817608277758,1.5512580565634047,2.5371738319827744,M7_FULL_REVIN_SIM_CAL,cofactor_6406,30,42,revin,True,False,True,1.25,1.443203892300548
1.7209597422355194,2.616080207692902,17.82207961934813,1.9704642003895079,2.876294585874663,M1_ANCHOR,cofactor_6407,3,42,anchor,False,False,False,1.0,
1.5996714617091012,2.4845859133112436,15.8840554195531,1.9012458939058898,2.8545634467102805,M3_ANCHOR_REVIN,cofactor_6407,3,42,revin,False,False,False,1.0,
1.724245562936596,2.611926129046978,17.788453371583334,1.9620618128475489,2.5862324933952965,M7_FULL_REVIN_SIM_CAL,cofactor_6407,3,42,revin,True,False,True,1.25,1.8245149592260002
1.8313293043638728,2.881689260844427,18.964091304367198,2.225101096992808,2.9324794370078515,M1_ANCHOR,cofactor_6407,7,42,anchor,False,False,False,1.0,
1.7337131133617376,2.7421828124423744,17.69670432057939,2.124723938911553,2.824592304455053,M3_ANCHOR_REVIN,cofactor_6407,7,42,revin,False,False,False,1.0,
1.7902069782307495,2.7478696804279656,18.47725938408992,2.0848427079024106,2.7413740660830506,M7_FULL_REVIN_SIM_CAL,cofactor_6407,7,42,revin,True,False,True,1.25,1.920714665985788
1.863615103416188,2.9361274896992553,19.353118308752574,2.269035162800767,3.010282544712148,M1_ANCHOR,cofactor_6407,14,42,anchor,False,False,False,1.0,
1.68762218015837,2.6251973544323284,17.520176398431207,2.0110125780625006,2.8358039993478608,M3_ANCHOR_REVIN,cofactor_6407,14,42,revin,False,False,False,1.0,
1.601400638234758,2.3307576049329257,17.368335375085522,1.6936226595537338,2.528970505875084,M7_FULL_REVIN_SIM_CAL,cofactor_6407,14,42,revin,True,False,True,1.25,1.6264675445161254
1.700031224485374,2.537771705659422,18.309086397324553,1.8843267946276157,2.6869249345510706,M1_ANCHOR,cofactor_6407,30,42,anchor,False,False,False,1.0,
1.5844644526380076,2.3345090402513087,16.995875164015867,1.7145920198687028,2.6286240319316856,M3_ANCHOR_REVIN,cofactor_6407,30,42,revin,False,False,False,1.0,
1.5152045210955847,2.1591138065925337,16.556502718299296,1.5382673699881388,2.4990229277355103,M7_FULL_REVIN_SIM_CAL,cofactor_6407,30,42,revin,True,False,True,1.25,1.4890401125734969
6.2053676691124195,11.372282881646298,8.363981391016825,9.530723757341987,3.756234423709946,M1_ANCHOR,cofactor_6408,3,42,anchor,False,False,False,1.0,
5.559436581353293,9.887648258835718,7.316575491374293,8.177250714725185,3.72344284295454,M3_ANCHOR_REVIN,cofactor_6408,3,42,revin,False,False,False,1.0,
6.433896984515529,11.863199459786612,8.454238231521224,9.967652955799055,3.9999257720438806,M7_FULL_REVIN_SIM_CAL,cofactor_6408,3,42,revin,True,False,True,0.75,7.595224241729047
6.126859713396347,11.41091059458687,8.015043184658811,9.627210895560353,4.26265561485156,M1_ANCHOR,cofactor_6408,7,42,anchor,False,False,False,1.0,
5.742587790393406,10.287897025554486,7.608043233797514,8.536598336566874,3.9051203968040604,M3_ANCHOR_REVIN,cofactor_6408,7,42,revin,False,False,False,1.0,
6.326752224720256,11.132270817588978,8.509931330888977,9.160304308872648,3.8600588354145575,M7_FULL_REVIN_SIM_CAL,cofactor_6408,7,42,revin,True,False,True,1.0,7.447858046916432
6.103844357596534,11.41065934192953,8.144474564620879,9.64152412750764,4.102108703374184,M1_ANCHOR,cofactor_6408,14,42,anchor,False,False,False,1.0,
5.671732579793729,10.201907179787282,7.669032913485969,8.480579538605813,3.8126018147588487,M3_ANCHOR_REVIN,cofactor_6408,14,42,revin,False,False,False,1.0,
5.949058957994071,10.37158627820585,8.15884345110164,8.496376045406299,3.614813545969284,M7_FULL_REVIN_SIM_CAL,cofactor_6408,14,42,revin,True,False,True,1.0,7.068759248555418
5.807625029588252,10.10921354905484,8.116823137289424,8.27508835322437,3.9697899121246887,M1_ANCHOR,cofactor_6408,30,42,anchor,False,False,False,1.0,
5.535840840242393,9.827325737041733,7.648015228478198,8.120335356602574,3.882035140586961,M3_ANCHOR_REVIN,cofactor_6408,30,42,revin,False,False,False,1.0,
5.71915630110829,9.707769849164421,8.01723319276259,7.844774814593674,3.492514899400313,M7_FULL_REVIN_SIM_CAL,cofactor_6408,30,42,revin,True,False,True,1.25,6.919834041123481
1.7100310440650341,2.5623839128733144,13.805052068217103,1.9084355550935972,2.770855740755773,M1_ANCHOR,cofactor_6409,3,42,anchor,False,False,False,1.0,
1.5797353624728558,2.3592771101341556,12.64187072011137,1.7524451720106649,2.7839155741285877,M3_ANCHOR_REVIN,cofactor_6409,3,42,revin,False,False,False,1.0,
1.6920491756038714,2.496324191226521,13.46469164881365,1.8355070445445405,2.754415916040859,M7_FULL_REVIN_SIM_CAL,cofactor_6409,3,42,revin,True,False,True,1.25,1.7392607668341469
1.8194261434455004,2.7570474848918436,14.571907658900498,2.0716209583471317,2.7373442672312813,M1_ANCHOR,cofactor_6409,7,42,anchor,False,False,False,1.0,
1.6596662016281587,2.481066022960321,13.294305018769295,1.8443653187701194,2.8158081485320143,M3_ANCHOR_REVIN,cofactor_6409,7,42,revin,False,False,False,1.0,
1.7237425393271653,2.551528382597624,13.793534331518732,1.8813599299914465,2.9352622493558758,M7_FULL_REVIN_SIM_CAL,cofactor_6409,7,42,revin,True,False,True,1.25,1.7622547591250828
1.8106884417376736,2.7026561870271606,14.64539510826458,2.006572681984988,2.7385916702174034,M1_ANCHOR,cofactor_6409,14,42,anchor,False,False,False,1.0,
1.6971944939455852,2.526409238224174,13.72623832571514,1.8715703761293454,2.9481769401361904,M3_ANCHOR_REVIN,cofactor_6409,14,42,revin,False,False,False,1.0,
1.63160455395225,2.3929315959155786,13.076974647386999,1.750550389593709,2.8427328476070164,M7_FULL_REVIN_SIM_CAL,cofactor_6409,14,42,revin,True,False,True,1.25,1.6708068590821465
1.7409134324263618,2.591466810561016,14.295754142458552,1.9197520600983442,2.7307810778157946,M1_ANCHOR,cofactor_6409,30,42,anchor,False,False,False,1.0,
1.6318201028573402,2.4164450947761464,13.384373690286399,1.7823648881052454,2.969140649809358,M3_ANCHOR_REVIN,cofactor_6409,30,42,revin,False,False,False,1.0,
1.6061019888705916,2.377607510279133,13.095355570674332,1.753252318719688,2.894163892642846,M7_FULL_REVIN_SIM_CAL,cofactor_6409,30,42,revin,True,False,True,1.0,1.6173289860352105
5.232802548818148,6.69513035051822,7.100066355952175,4.176715945493592,1.729901261173799,M1_ANCHOR,cofactor_6410,3,42,anchor,False,False,False,1.0,
5.0532170068732505,6.528817646510037,6.802600993856724,4.1343460577897755,1.8648060340902306,M3_ANCHOR_REVIN,cofactor_6410,3,42,revin,False,False,False,1.0,
4.976467911240662,6.510812511208171,6.6634555589906315,4.198556910430651,1.8601165452885877,M7_FULL_REVIN_SIM_CAL,cofactor_6410,3,42,revin,True,False,True,1.25,5.248775939320293
5.194297419180193,6.6705992628808675,7.069394597846906,4.185521139034014,1.7480915563033477,M1_ANCHOR,cofactor_6410,7,42,anchor,False,False,False,1.0,
5.069765992602743,6.579194542851956,6.836928829665225,4.193530879339343,1.873403786830305,M3_ANCHOR_REVIN,cofactor_6410,7,42,revin,False,False,False,1.0,
5.0011518368217285,6.545155568965086,6.710967019464109,4.22255883023028,1.8496742911287962,M7_FULL_REVIN_SIM_CAL,cofactor_6410,7,42,revin,True,False,True,1.0,5.248712184089014
5.256834652008996,6.820880105811272,7.156072950747959,4.3465736974921505,1.7458715684528319,M1_ANCHOR,cofactor_6410,14,42,anchor,False,False,False,1.0,
5.14575365737153,6.706167763327158,6.919846356927356,4.300750947955154,1.8715460998851063,M3_ANCHOR_REVIN,cofactor_6410,14,42,revin,False,False,False,1.0,
5.109674732734522,6.684088801585599,6.87057976235976,4.309388686189656,1.8272345195134394,M7_FULL_REVIN_SIM_CAL,cofactor_6410,14,42,revin,True,False,True,1.0,5.3471258115418365
5.306873682634297,6.889415141792243,7.242102497713322,4.393608711598017,1.7729294216117142,M1_ANCHOR,cofactor_6410,30,42,anchor,False,False,False,1.0,
5.218506738825599,6.811779629537121,7.022950757002912,4.3783758964289365,1.812349184246372,M3_ANCHOR_REVIN,cofactor_6410,30,42,revin,False,False,False,1.0,
5.079057556309036,6.639556486868756,6.83433528144405,4.276611912325974,1.830617543056054,M7_FULL_REVIN_SIM_CAL,cofactor_6410,30,42,revin,True,False,True,1.0,5.342765155560562
4.313824544149773,6.8207763309929925,9.634864555955598,5.283720641818912,3.599703417791456,M1_ANCHOR,cofactor_6411,3,42,anchor,False,False,False,1.0,
4.1590360824031265,6.639854716286994,9.330894668069622,5.176266312864384,3.6721051704554073,M3_ANCHOR_REVIN,cofactor_6411,3,42,revin,False,False,False,1.0,
4.228597697640557,6.382243895781681,9.755051177063175,4.780701465653973,3.2205511089779906,M7_FULL_REVIN_SIM_CAL,cofactor_6411,3,42,revin,True,False,True,1.25,4.075591230384211
4.3237235991850085,6.958320574385359,9.716250916835355,5.452309770766138,3.669889633004915,M1_ANCHOR,cofactor_6411,7,42,anchor,False,False,False,1.0,
4.240453747918999,6.7277464721397235,9.541170596873982,5.223488758331244,3.590998997259204,M3_ANCHOR_REVIN,cofactor_6411,7,42,revin,False,False,False,1.0,
4.236074902274767,6.524247615619304,9.798441931203762,4.962340664064759,3.434325481485747,M7_FULL_REVIN_SIM_CAL,cofactor_6411,7,42,revin,True,False,True,1.0,4.089020025787267
4.384816213298967,7.180595862857093,9.884976132604226,5.68671620153824,3.962254215768679,M1_ANCHOR,cofactor_6411,14,42,anchor,False,False,False,1.0,
4.151409182559796,6.546941960382871,9.386899070473625,5.062779498043531,3.6538890860207704,M3_ANCHOR_REVIN,cofactor_6411,14,42,revin,False,False,False,1.0,
4.032059815981894,6.067453138719295,9.340896219341653,4.53423388126162,3.282634983361694,M7_FULL_REVIN_SIM_CAL,cofactor_6411,14,42,revin,True,False,True,1.25,3.9256842666907255
4.28335899659468,6.9974018693307265,9.770386812332253,5.5335912781508725,3.8539795536568815,M1_ANCHOR,cofactor_6411,30,42,anchor,False,False,False,1.0,
4.05093936126375,6.418397989917096,9.226044887828081,4.978864717955669,3.704465905402142,M3_ANCHOR_REVIN,cofactor_6411,30,42,revin,False,False,False,1.0,
3.9769213016400236,5.886317686395631,9.251836744453145,4.339976279948499,3.167426542263682,M7_FULL_REVIN_SIM_CAL,cofactor_6411,30,42,revin,True,False,True,1.25,3.890595133388569
4.612984148955082,6.205217493070841,7.485710204575017,4.150610952678424,1.9151849859890542,M1_ANCHOR,cofactor_6412,3,42,anchor,False,False,False,1.0,
4.389963883161033,5.9155498600366245,7.065601433435057,3.965375343765613,1.9591043462452329,M3_ANCHOR_REVIN,cofactor_6412,3,42,revin,False,False,False,1.0,
4.389889216178526,5.931786247778453,7.103650969920365,3.989641938945361,1.9661452207075698,M7_FULL_REVIN_SIM_CAL,cofactor_6412,3,42,revin,True,False,True,0.75,4.292642069544603
4.625851441904768,6.227336826480259,7.531286898999948,4.169378212240686,1.9962221210875504,M1_ANCHOR,cofactor_6412,7,42,anchor,False,False,False,1.0,
4.428920830885381,5.964358641461106,7.1490197665128745,3.995062267935039,1.9774126412667916,M3_ANCHOR_REVIN,cofactor_6412,7,42,revin,False,False,False,1.0,
4.429372910659601,5.983346900939221,7.179070570375252,4.02286166283389,1.9975773824442378,M7_FULL_REVIN_SIM_CAL,cofactor_6412,7,42,revin,True,False,True,0.75,4.297535179627269
4.6430473542759865,6.2572170567884955,7.567246807813737,4.194925444673981,2.0011163496155753,M1_ANCHOR,cofactor_6412,14,42,anchor,False,False,False,1.0,
4.432737648561776,5.993922539290251,7.198111244406341,4.034882704135657,1.9815445444140944,M3_ANCHOR_REVIN,cofactor_6412,14,42,revin,False,False,False,1.0,
4.38580325203557,5.9351689446542775,7.105261965909702,3.999156558018974,1.9800851088511329,M7_FULL_REVIN_SIM_CAL,cofactor_6412,14,42,revin,True,False,True,0.75,4.266797834132202
4.587908531065138,6.183196942868511,7.474722247737148,4.14553779544906,1.980352642661525,M1_ANCHOR,cofactor_6412,30,42,anchor,False,False,False,1.0,
4.410547355336743,5.970497831918827,7.175109225696268,4.024455047410921,1.9686586310938778,M3_ANCHOR_REVIN,cofactor_6412,30,42,revin,False,False,False,1.0,
4.322994032000355,5.878719142289937,7.007712794109726,3.984135677969564,1.9840270307074945,M7_FULL_REVIN_SIM_CAL,cofactor_6412,30,42,revin,True,False,True,1.0,4.1682292118283755
4.109508888568512,5.92543570255249,4.710083294901136,4.269375547487391,2.5641869791903145,M1_ANCHOR,cofactor_6413,3,42,anchor,False,False,False,1.0,
4.103492460714789,5.8254171728387645,4.701417022414929,4.13538127238017,2.5313528640471916,M3_ANCHOR_REVIN,cofactor_6413,3,42,revin,False,False,False,1.0,
4.382421632353025,6.251530912366343,5.03158080258167,4.458845292852605,2.4471181675998563,M7_FULL_REVIN_SIM_CAL,cofactor_6413,3,42,revin,True,False,True,0.75,4.719320946778652
4.271048252298764,6.113462319927514,4.86098806598455,4.374660301788708,2.5313894910210126,M1_ANCHOR,cofactor_6413,7,42,anchor,False,False,False,1.0,
4.10626524440708,5.821649920111057,4.706011683228255,4.127313803282614,2.4219360051978303,M3_ANCHOR_REVIN,cofactor_6413,7,42,revin,False,False,False,1.0,
4.4797377705986925,6.376304677191261,5.138044985082422,4.538136438169413,2.4661441568589186,M7_FULL_REVIN_SIM_CAL,cofactor_6413,7,42,revin,True,False,True,0.75,4.817574312645825
4.314385247163102,6.245766825934408,4.934022395452889,4.51675804558026,2.6078230467303536,M1_ANCHOR,cofactor_6413,14,42,anchor,False,False,False,1.0,
4.203578901619862,6.032601567823925,4.812261679462307,4.327491355787195,2.4613793465797085,M3_ANCHOR_REVIN,cofactor_6413,14,42,revin,False,False,False,1.0,
4.262903455691923,6.037814290013334,4.913787646720722,4.276413697619197,2.4405518596061038,M7_FULL_REVIN_SIM_CAL,cofactor_6413,14,42,revin,True,False,True,1.0,4.731894395232898
4.240982738661063,6.152113160822762,4.856853752460792,4.457335542527791,2.527461278609434,M1_ANCHOR,cofactor_6413,30,42,anchor,False,False,False,1.0,
4.117149725362057,5.906306066731933,4.724288380168771,4.235362469272148,2.4897511536495323,M3_ANCHOR_REVIN,cofactor_6413,30,42,revin,False,False,False,1.0,
4.126221810966392,5.923605496346781,4.753008181377795,4.25067005396121,2.522685069616117,M7_FULL_REVIN_SIM_CAL,cofactor_6413,30,42,revin,True,False,True,1.0,4.678405756709603
6.543466889510075,12.262752969933324,8.8084184291403,10.37173347360984,4.329602261821186,M1_ANCHOR,cofactor_6414,3,42,anchor,False,False,False,1.0,
6.8003185978533045,12.285763290857822,8.883808407187294,10.232788430672912,4.0465261923287565,M3_ANCHOR_REVIN,cofactor_6414,3,42,revin,False,False,False,1.0,
6.64766073170884,12.489898036518174,8.924289341178717,10.574565913761841,4.596833800060355,M7_FULL_REVIN_SIM_CAL,cofactor_6414,3,42,revin,True,False,True,0.5,7.94817505234379
6.575619003754013,12.50481930741054,8.906512776794226,10.637067563398114,4.5219559988017135,M1_ANCHOR,cofactor_6414,7,42,anchor,False,False,False,1.0,
6.530759114730992,11.651132133720166,8.788470511134522,9.649393369068305,4.101098695928494,M3_ANCHOR_REVIN,cofactor_6414,7,42,revin,False,False,False,1.0,
6.735702871674912,12.774498578749784,9.008643422758848,10.855147494912295,4.682104848562692,M7_FULL_REVIN_SIM_CAL,cofactor_6414,7,42,revin,True,False,True,0.5,8.056479046283446
6.5502832681738425,12.345919151776387,8.821455504778744,10.465681065764604,4.633326312066048,M1_ANCHOR,cofactor_6414,14,42,anchor,False,False,False,1.0,
6.329563824036661,11.458043890609336,8.647928979505986,9.551746558970324,4.1394264333271344,M3_ANCHOR_REVIN,cofactor_6414,14,42,revin,False,False,False,1.0,
6.628681561141601,12.55976865558009,8.86708301129947,10.668829723138613,4.600865829371633,M7_FULL_REVIN_SIM_CAL,cofactor_6414,14,42,revin,True,False,True,0.5,7.930527885634708
6.384989267183441,12.170951798380196,8.721991006221733,10.362367344011078,4.561133771170353,M1_ANCHOR,cofactor_6414,30,42,anchor,False,False,False,1.0,
6.3333567746165045,11.845717850292342,8.652696838128215,10.011159900370417,4.377267431032791,M3_ANCHOR_REVIN,cofactor_6414,30,42,revin,False,False,False,1.0,
6.569276743431936,12.61037553497027,8.876571929095656,10.764850845824842,4.670021711350257,M7_FULL_REVIN_SIM_CAL,cofactor_6414,30,42,revin,True,False,True,0.5,7.864029337098915
2.1050161087327117,3.2471685172177454,17.56473907411886,2.4726194236761607,2.495040098172412,M1_ANCHOR,cofactor_6415,3,42,anchor,False,False,False,1.0,
1.8860844592760928,2.816241452645693,15.8417448980167,2.0915304628411704,2.4599450689622033,M3_ANCHOR_REVIN,cofactor_6415,3,42,revin,False,False,False,1.0,
1.9881487178517772,2.9421571141668226,16.560738214171007,2.168915996776169,2.3406971539476453,M7_FULL_REVIN_SIM_CAL,cofactor_6415,3,42,revin,True,False,True,1.25,2.247378335021105
2.229283129650688,3.585720685347666,18.75970279179824,2.8086951754301714,2.7835323384505166,M1_ANCHOR,cofactor_6415,7,42,anchor,False,False,False,1.0,
2.064295095212983,3.197042586739025,17.289988366965147,2.4414303903478896,2.6013127684043105,M3_ANCHOR_REVIN,cofactor_6415,7,42,revin,False,False,False,1.0,
2.083956402433252,3.2238158010465163,17.585073104319697,2.459866191648036,2.62261093439351,M7_FULL_REVIN_SIM_CAL,cofactor_6415,7,42,revin,True,False,True,1.25,2.349052845425372
2.2061289791417478,3.550038701868121,18.48254768227697,2.7815154065694383,2.749562769857551,M1_ANCHOR,cofactor_6415,14,42,anchor,False,False,False,1.0,
2.018507420237859,3.051884411759523,17.221451834839765,2.2891795544087974,2.4673667063427835,M3_ANCHOR_REVIN,cofactor_6415,14,42,revin,False,False,False,1.0,
1.926952044710836,2.800093819866346,16.64787550531442,2.0317346870770328,2.339196931026226,M7_FULL_REVIN_SIM_CAL,cofactor_6415,14,42,revin,True,False,True,1.25,2.1807540533461363
2.2071491409789576,3.4974160533328784,18.445138695551584,2.713193435023468,2.7029614494732255,M1_ANCHOR,cofactor_6415,30,42,anchor,False,False,False,1.0,
2.0383269294966113,2.9877932586933285,17.821131175624142,2.184670388777568,2.3809571477504674,M3_ANCHOR_REVIN,cofactor_6415,30,42,revin,False,False,False,1.0,
1.9525386724370437,2.7884494814777487,17.375748182642813,1.9908755318627758,2.2456244022424188,M7_FULL_REVIN_SIM_CAL,cofactor_6415,30,42,revin,True,False,True,1.25,2.192705303640534
11.684347343909163,18.208651068620817,10.69360259393585,13.966304546179375,2.7270201429951744,M1_ANCHOR,cofactor_6416,3,42,anchor,False,False,False,1.0,
10.396280890427535,16.397840047778747,9.377297736612894,12.681817101543768,3.0820953497477848,M3_ANCHOR_REVIN,cofactor_6416,3,42,revin,False,False,False,1.0,
10.538484794600832,16.27435328778426,10.014117486837186,12.402255349922573,2.835161241665635,M7_FULL_REVIN_SIM_CAL,cofactor_6416,3,42,revin,True,False,True,1.25,11.854404328926018
11.649263801126123,17.81469318928696,10.664384747279838,13.47897547821754,2.833929939453538,M1_ANCHOR,cofactor_6416,7,42,anchor,False,False,False,1.0,
10.773074720519844,17.039174368490883,9.685823648069727,13.202202409716042,3.118826196047609,M3_ANCHOR_REVIN,cofactor_6416,7,42,revin,False,False,False,1.0,
10.632203375220579,16.490481046141134,10.045215276811001,12.60610716855457,2.819549810679866,M7_FULL_REVIN_SIM_CAL,cofactor_6416,7,42,revin,True,False,True,1.25,11.803818142423067
11.894108981546363,18.371520501290178,10.927272341593017,14.002490392516798,3.075420663184467,M1_ANCHOR,cofactor_6416,14,42,anchor,False,False,False,1.0,
10.59575018541413,16.5837721502153,9.745671099664097,12.758284593076354,2.99962311459966,M3_ANCHOR_REVIN,cofactor_6416,14,42,revin,False,False,False,1.0,
10.508350573280687,16.280361335611058,9.905577207660789,12.435669321878315,2.8304738253970516,M7_FULL_REVIN_SIM_CAL,cofactor_6416,14,42,revin,True,False,True,1.25,11.811023798813048
11.445236692351724,17.601928465648278,10.718425150022618,13.373813607189703,3.0680024261012813,M1_ANCHOR,cofactor_6416,30,42,anchor,False,False,False,1.0,
10.311196670868926,16.08102675995237,9.585263108394354,12.34096682525333,2.992744271779893,M3_ANCHOR_REVIN,cofactor_6416,30,42,revin,False,False,False,1.0,
9.890728445801011,15.313811239726613,9.361861743099903,11.69209097011517,2.918636387959967,M7_FULL_REVIN_SIM_CAL,cofactor_6416,30,42,revin,True,False,True,1.25,11.085076630273704
6.006162022026102,11.109662909505586,9.437645615661612,9.346794585873132,4.34994895311802,M1_ANCHOR,cofactor_6418,3,42,anchor,False,False,False,1.0,
5.202126988887137,9.118667061550656,8.311606409051665,7.489701682872005,3.669852054427646,M3_ANCHOR_REVIN,cofactor_6418,3,42,revin,False,False,False,1.0,
5.848965879407237,10.792165955431559,9.276926410878929,9.070374281032535,4.140424119255498,M7_FULL_REVIN_SIM_CAL,cofactor_6418,3,42,revin,True,False,True,1.0,5.864614698479984
6.190211530786889,11.982295355966121,9.54963910785641,10.2601692168641,4.443928377249382,M1_ANCHOR,cofactor_6418,7,42,anchor,False,False,False,1.0,
5.499958487678264,9.948008260808486,8.738044075578722,8.289916674701773,4.014716324679206,M3_ANCHOR_REVIN,cofactor_6418,7,42,revin,False,False,False,1.0,
5.681907668143918,10.417146312432646,9.045811316407178,8.731740032162742,4.051025262605671,M7_FULL_REVIN_SIM_CAL,cofactor_6418,7,42,revin,True,False,True,1.0,5.764557104403904
6.079225148435401,11.526527414824525,9.510358963553523,9.793720764566084,4.240289702186431,M1_ANCHOR,cofactor_6418,14,42,anchor,False,False,False,1.0,
5.547929542946803,10.244921822887655,8.806640626451982,8.613306078382022,3.893525841949015,M3_ANCHOR_REVIN,cofactor_6418,14,42,revin,False,False,False,1.0,
5.588859241146509,9.912194445901036,8.898044599968221,8.186904946279075,3.698280021557501,M7_FULL_REVIN_SIM_CAL,cofactor_6418,14,42,revin,True,False,True,1.25,5.6455017169780435
6.115065775660101,11.46516803362625,9.542962241037257,9.698912648764756,4.273627720992292,M1_ANCHOR,cofactor_6418,30,42,anchor,False,False,False,1.0,
5.367905637760822,9.812572573352732,8.638004177934745,8.214705921780203,3.808338301491224,M3_ANCHOR_REVIN,cofactor_6418,30,42,revin,False,False,False,1.0,
5.267566186567995,9.397933745957827,8.482775470644302,7.783455912604959,3.5394107848197724,M7_FULL_REVIN_SIM_CAL,cofactor_6418,30,42,revin,True,False,True,1.0,5.2915134151701935
1.7160164247911263,2.395270562386293,13.106331726551504,1.6712243184847915,2.1825965884882974,M1_ANCHOR,cofactor_6419,3,42,anchor,False,False,False,1.0,
1.5963817373045417,2.2771533119669893,11.75478359079058,1.623993008820662,2.273555092207729,M3_ANCHOR_REVIN,cofactor_6419,3,42,revin,False,False,False,1.0,
1.6752339421308495,2.3574448382038007,12.480679962519181,1.6587687472618255,2.24259491801489,M7_FULL_REVIN_SIM_CAL,cofactor_6419,3,42,revin,True,False,True,1.25,1.716149589855431
1.7979696925305981,2.5490473584764115,13.573612721066986,1.8070401383840347,2.2933555725958166,M1_ANCHOR,cofactor_6419,7,42,anchor,False,False,False,1.0,
1.6997825870179006,2.397428758773906,12.672983648710975,1.6907971010088576,2.223335673369598,M3_ANCHOR_REVIN,cofactor_6419,7,42,revin,False,False,False,1.0,
1.8252730202345118,2.5416199882953174,13.626535940616261,1.7687957774396357,2.2100333064665314,M7_FULL_REVIN_SIM_CAL,cofactor_6419,7,42,revin,True,False,True,1.25,1.8492710502149845
1.7956227569375665,2.5367987461881603,13.681837606559904,1.7920731197662976,2.2519208727692686,M1_ANCHOR,cofactor_6419,14,42,anchor,False,False,False,1.0,
1.6746564290708048,2.376169807431433,12.538138615680003,1.685852170557734,2.2308811581329984,M3_ANCHOR_REVIN,cofactor_6419,14,42,revin,False,False,False,1.0,
1.678497667770227,2.34368823838817,12.771141138348035,1.6358136037690145,2.223804183760566,M7_FULL_REVIN_SIM_CAL,cofactor_6419,14,42,revin,True,False,True,1.25,1.6890339986386051
1.769052826403765,2.4950159177261457,13.54610698448648,1.7595397113577318,2.234850699472826,M1_ANCHOR,cofactor_6419,30,42,anchor,False,False,False,1.0,
1.6660382708745578,2.37116653541607,12.514963913957116,1.6873460375875535,2.3176430208223473,M3_ANCHOR_REVIN,cofactor_6419,30,42,revin,False,False,False,1.0,
1.6660636863664355,2.3377375394168425,12.563251454667954,1.6400050251248204,2.20043967118907,M7_FULL_REVIN_SIM_CAL,cofactor_6419,30,42,revin,True,False,True,1.25,1.6814816902004177
6.047570292218546,13.152783677004537,9.914595287858734,11.680844765098007,4.891820598653399,M1_ANCHOR,cofactor_6420,3,42,anchor,False,False,False,1.0,
5.416825588700194,11.764347587759621,8.654351107545699,10.44382502522567,4.456404850516797,M3_ANCHOR_REVIN,cofactor_6420,3,42,revin,False,False,False,1.0,
5.369743861500563,11.138158871122936,8.67801245048607,9.758998962553717,4.375577809651364,M7_FULL_REVIN_SIM_CAL,cofactor_6420,3,42,revin,True,False,True,1.25,6.687510967601132
6.346274037890614,14.115211718748073,10.061159094729208,12.608995036950745,4.967706568917426,M1_ANCHOR,cofactor_6420,7,42,anchor,False,False,False,1.0,
5.606960595347047,12.219926970751995,8.867816673725939,10.85842890121386,4.465700618010317,M3_ANCHOR_REVIN,cofactor_6420,7,42,revin,False,False,False,1.0,
5.965290551599075,13.381517308853306,9.380361177570396,11.979183883230583,4.827917574291792,M7_FULL_REVIN_SIM_CAL,cofactor_6420,7,42,revin,True,False,True,1.0,7.4132647078109075
6.295493307090145,13.77214840516495,10.105358671545053,12.249910474814145,4.728535370656418,M1_ANCHOR,cofactor_6420,14,42,anchor,False,False,False,1.0,
5.791379520104225,12.780042810643232,8.993984352917774,11.39333097391161,4.765950962282727,M3_ANCHOR_REVIN,cofactor_6420,14,42,revin,False,False,False,1.0,
5.749819422585053,12.385362238386058,9.141622018686315,10.970596833003649,4.508534938085967,M7_FULL_REVIN_SIM_CAL,cofactor_6420,14,42,revin,True,False,True,1.25,7.011146691780586
6.367397142154097,13.967148619385071,10.182331991584585,12.432200484462497,4.784538728428135,M1_ANCHOR,cofactor_6420,30,42,anchor,False,False,False,1.0,
5.843602779061397,12.770155093167666,9.370589727093611,11.355510457277386,4.796247928490528,M3_ANCHOR_REVIN,cofactor_6420,30,42,revin,False,False,False,1.0,
5.573413583913526,11.547304292238596,9.145980293977757,10.113947477281325,4.514611210805762,M7_FULL_REVIN_SIM_CAL,cofactor_6420,30,42,revin,True,False,True,1.25,6.780780618645759
1.7372449779740713,2.4910730313292397,13.834660807956709,1.7854580566601108,2.3242322833618663,M1_ANCHOR,cofactor_6421,3,42,anchor,False,False,False,1.0,
1.4268462502984298,2.0041003826030894,11.462535440554067,1.4074085655728967,2.2734414187026077,M3_ANCHOR_REVIN,cofactor_6421,3,42,revin,False,False,False,1.0,
1.67952892739242,2.3578465120073258,13.711297568001813,1.654991583288611,2.2280754317233864,M7_FULL_REVIN_SIM_CAL,cofactor_6421,3,42,revin,True,False,True,1.25,4.1214333947524775
1.6870395260214546,2.416737278325024,13.62173590345231,1.7305854722293836,2.2903566622218205,M1_ANCHOR,cofactor_6421,7,42,anchor,False,False,False,1.0,
1.4873798538294094,2.0990375136121,12.001698127259285,1.4812020588337806,2.3029049777548596,M3_ANCHOR_REVIN,cofactor_6421,7,42,revin,False,False,False,1.0,
1.632422697230981,2.278807488880502,13.274442162215895,1.5901274546484998,2.2098469322175243,M7_FULL_REVIN_SIM_CAL,cofactor_6421,7,42,revin,True,False,True,1.25,4.0964828223026055
1.7086782959353461,2.4598348477700913,13.70491283876504,1.7696423401541654,2.3233004689044012,M1_ANCHOR,cofactor_6421,14,42,anchor,False,False,False,1.0,
1.5970719456244744,2.2722825520108447,12.90746244079369,1.616473432256528,2.711275340668341,M3_ANCHOR_REVIN,cofactor_6421,14,42,revin,False,False,False,1.0,
1.6583393675021225,2.3281002531777464,13.5514083773106,1.6341133158904022,2.1917656500610696,M7_FULL_REVIN_SIM_CAL,cofactor_6421,14,42,revin,True,False,True,1.25,4.145166455296844
1.7012798599852241,2.4137984150906213,13.7404095827346,1.7124457528498227,2.268382452884787,M1_ANCHOR,cofactor_6421,30,42,anchor,False,False,False,1.0,
1.5492040524329451,2.1597255026396387,12.727906816038798,1.5048889008143942,2.1911768739487134,M3_ANCHOR_REVIN,cofactor_6421,30,42,revin,False,False,False,1.0,
1.635234073261782,2.2665135584625347,13.543372339479893,1.5695317628146164,2.1454549787747466,M7_FULL_REVIN_SIM_CAL,cofactor_6421,30,42,revin,True,False,True,1.25,4.126953757750712
1.460678254929753,2.9741333997470654,21.340121024317398,2.5909083477556085,5.440848475068609,M1_ANCHOR,cofactor_6422,3,42,anchor,False,False,False,1.0,
1.2908844904479382,2.3256573298248284,19.047778944526407,1.9346345496253383,5.343300498167841,M3_ANCHOR_REVIN,cofactor_6422,3,42,revin,False,False,False,1.0,
1.4830031466001912,3.084056086387187,20.786826455267736,2.7042749888285753,6.53468981828155,M7_FULL_REVIN_SIM_CAL,cofactor_6422,3,42,revin,True,False,True,0.5,1.6824716396746986
1.5409536217522966,3.369127019774741,21.415090885307848,2.9962820201225933,6.69856975779866,M1_ANCHOR,cofactor_6422,7,42,anchor,False,False,False,1.0,
1.3987824150233226,2.6498509813407543,19.609532788264602,2.2507355259365145,5.460323029304065,M3_ANCHOR_REVIN,cofactor_6422,7,42,revin,False,False,False,1.0,
1.5048637212711233,3.116653512557559,21.31191783270477,2.7294564668715666,6.9928708294827535,M7_FULL_REVIN_SIM_CAL,cofactor_6422,7,42,revin,True,False,True,0.75,1.7413518451449472
1.4980532813793022,3.1878553239772347,21.21086783200428,2.814132264371315,6.327474860808233,M1_ANCHOR,cofactor_6422,14,42,anchor,False,False,False,1.0,
1.349218972845335,2.4483073883822386,19.572869333074074,2.0431318642404848,5.8460024614357495,M3_ANCHOR_REVIN,cofactor_6422,14,42,revin,False,False,False,1.0,
1.4297523816880817,2.811343143229075,20.83288774538643,2.4207972685959076,6.5253500326976015,M7_FULL_REVIN_SIM_CAL,cofactor_6422,14,42,revin,True,False,True,1.0,1.6245729669201705
1.4037280512151078,2.7441506148103607,20.723614090929463,2.3581073395282197,5.703857246622788,M1_ANCHOR,cofactor_6422,30,42,anchor,False,False,False,1.0,
1.2415949523993284,2.1165111337188183,19.47511883454057,1.7141945636900024,6.065185523439512,M3_ANCHOR_REVIN,cofactor_6422,30,42,revin,False,False,False,1.0,
1.189609199700266,1.9573601260602083,20.003854013181336,1.5544834857402494,4.8436268118584795,M7_FULL_REVIN_SIM_CAL,cofactor_6422,30,42,revin,True,False,True,1.25,1.3901198849407297
6.491503324141421,8.40492529933117,8.191148972583322,5.339203553881771,1.7249752024563276,M1_ANCHOR,cofactor_6423,3,42,anchor,False,False,False,1.0,
5.742305783939506,7.507955062624434,7.0549902371776945,4.8372045677558715,1.8106372000350133,M3_ANCHOR_REVIN,cofactor_6423,3,42,revin,False,False,False,1.0,
5.5897166482904765,7.3988001523447275,6.823911661907224,4.847737628225072,1.8607657095789902,M7_FULL_REVIN_SIM_CAL,cofactor_6423,3,42,revin,True,False,True,1.0,5.631712871347913
6.526998468424206,8.480721909965979,8.214614510229522,5.415255199865798,1.7581760397299264,M1_ANCHOR,cofactor_6423,7,42,anchor,False,False,False,1.0,
5.94646025239069,7.756393534120968,7.346759020877876,4.980429702877055,1.768236035334936,M3_ANCHOR_REVIN,cofactor_6423,7,42,revin,False,False,False,1.0,
5.547005428917346,7.29389914066683,6.764712257791046,4.73653847706859,1.8220648837021718,M7_FULL_REVIN_SIM_CAL,cofactor_6423,7,42,revin,True,False,True,1.25,5.573004296909828
6.5590866466864,8.568618979244008,8.344281997354717,5.513965585488986,1.7476889442256978,M1_ANCHOR,cofactor_6423,14,42,anchor,False,False,False,1.0,
5.8831239019135095,7.685726849980699,7.341914372185662,4.945971288459688,1.7526745554336167,M3_ANCHOR_REVIN,cofactor_6423,14,42,revin,False,False,False,1.0,
5.484011638550617,7.219795267653442,6.728954212692559,4.696180227505381,1.7950996411465616,M7_FULL_REVIN_SIM_CAL,cofactor_6423,14,42,revin,True,False,True,1.25,5.48280735537937
6.472169202618066,8.345594965273436,8.338107513062418,5.269138364035891,1.7533428698331135,M1_ANCHOR,cofactor_6423,30,42,anchor,False,False,False,1.0,
5.806006119428323,7.557166652130606,7.275708359358742,4.837798679980145,1.7385474596016732,M3_ANCHOR_REVIN,cofactor_6423,30,42,revin,False,False,False,1.0,
5.293337685984561,6.981307602513099,6.446921906450363,4.552152954921541,1.836863605266046,M7_FULL_REVIN_SIM_CAL,cofactor_6423,30,42,revin,True,False,True,1.25,5.38376117569899
7.3727064609602015,10.627942844339682,7.996842764865077,7.655353515375518,2.5325659978263015,M1_ANCHOR,cofactor_6424,3,42,anchor,False,False,False,1.0,
7.577302813438349,10.994351909112233,8.112133330622335,7.966743039009156,2.5373221867073874,M3_ANCHOR_REVIN,cofactor_6424,3,42,revin,False,False,False,1.0,
7.626495211157789,10.950424680094514,8.27142669360013,7.858554218908723,2.4976915094109877,M7_FULL_REVIN_SIM_CAL,cofactor_6424,3,42,revin,True,False,True,1.0,8.360079750979216
7.831795105471096,11.494572278241238,8.45432311635592,8.414150286151441,2.6233189463839004,M1_ANCHOR,cofactor_6424,7,42,anchor,False,False,False,1.0,
7.557482061125815,10.856017256939213,8.163100302466624,7.7939681377268615,2.595694697902398,M3_ANCHOR_REVIN,cofactor_6424,7,42,revin,False,False,False,1.0,
7.592237476079902,10.924771386181355,8.218926703271237,7.856020456177676,2.5573307467418185,M7_FULL_REVIN_SIM_CAL,cofactor_6424,7,42,revin,True,False,True,1.0,8.445866615346912
7.773763729731932,11.334328691197223,8.434539176834443,8.248937693355028,2.5813232426901664,M1_ANCHOR,cofactor_6424,14,42,anchor,False,False,False,1.0,
7.766003757555384,11.27826316190664,8.366071782773481,8.179096302677214,2.7557228560742337,M3_ANCHOR_REVIN,cofactor_6424,14,42,revin,False,False,False,1.0,
7.611183844749631,10.929145330984515,8.268350951671097,7.84375988320406,2.6076638675722363,M7_FULL_REVIN_SIM_CAL,cofactor_6424,14,42,revin,True,False,True,1.25,8.320224687231521
8.112492182426505,11.97405440918705,8.757252254501603,8.807731296312296,2.5887063211601404,M1_ANCHOR,cofactor_6424,30,42,anchor,False,False,False,1.0,
7.814717403677554,11.299646895494169,8.529046950252225,8.162192387611736,2.523153298626454,M3_ANCHOR_REVIN,cofactor_6424,30,42,revin,False,False,False,1.0,
7.849063901254201,11.222117273570214,8.614380402772262,8.021032985657465,2.4343130740093897,M7_FULL_REVIN_SIM_CAL,cofactor_6424,30,42,revin,True,False,True,1.25,8.742341895017692
1.1461628577087237,1.475805441555573,19.00189722576061,0.9297475792423098,1.7412420101223844,M1_ANCHOR,cofactor_6425,3,42,anchor,False,False,False,1.0,
1.0402178799308657,1.3467174455007576,16.59752806108178,0.8553915204314686,1.7933005839597944,M3_ANCHOR_REVIN,cofactor_6425,3,42,revin,False,False,False,1.0,
1.1053004434172211,1.424765702172285,18.10276947262253,0.8990988435653559,1.751132078408385,M7_FULL_REVIN_SIM_CAL,cofactor_6425,3,42,revin,True,False,True,1.25,1.1585598478659178
1.9485082956165583,2.6342254116418804,30.504721610425793,1.7728193738673457,1.7965709978529754,M1_ANCHOR,cofactor_6425,7,42,anchor,False,False,False,1.0,
1.0770776322397855,1.3901147636647393,17.4275041617871,0.8788790650531786,1.771278572385392,M3_ANCHOR_REVIN,cofactor_6425,7,42,revin,False,False,False,1.0,
1.0873150962929228,1.408369856764751,17.40058242928372,0.8951877290426489,1.782880787199176,M7_FULL_REVIN_SIM_CAL,cofactor_6425,7,42,revin,True,False,True,1.25,1.1461584419369217
1.710290037203022,2.1461298923316483,26.97760261088374,1.2965381889134788,1.6174041038850897,M1_ANCHOR,cofactor_6425,14,42,anchor,False,False,False,1.0,
1.0834095992179664,1.4002252287763124,17.532622584362308,0.8871087300100706,1.7718391653347292,M3_ANCHOR_REVIN,cofactor_6425,14,42,revin,False,False,False,1.0,
1.0965302368749843,1.4072273741435364,17.858953576141733,0.882052530578226,1.7498453636139126,M7_FULL_REVIN_SIM_CAL,cofactor_6425,14,42,revin,True,False,True,1.25,1.1529305391386033
1.185707298273587,1.5043418334357461,19.97013343746099,0.9258832165350265,2.0409913273748197,M1_ANCHOR,cofactor_6425,30,42,anchor,False,False,False,1.0,
1.060936879487171,1.3741253801309294,17.131221867007035,0.873348586866262,1.8025670655912174,M3_ANCHOR_REVIN,cofactor_6425,30,42,revin,False,False,False,1.0,
1.0422722195898626,1.352825871954465,16.714210620515182,0.8625010970776377,1.7970949701461716,M7_FULL_REVIN_SIM_CAL,cofactor_6425,30,42,revin,True,False,True,1.25,1.102445413285367
1.0187900005176262,1.784247108591698,27.12810017065499,1.4648934359976022,5.199518521176867,M1_ANCHOR,cofactor_6426,3,42,anchor,False,False,False,1.0,
0.9284744850837889,1.570198215289156,25.41422986882404,1.2663679620681008,7.819228570380685,M3_ANCHOR_REVIN,cofactor_6426,3,42,revin,False,False,False,1.0,
1.0342492631558657,1.7452954269241348,27.495936158283296,1.4059403931544492,5.106178144504905,M7_FULL_REVIN_SIM_CAL,cofactor_6426,3,42,revin,True,False,True,1.25,1.0246543760652944
1.1191248583081654,1.9818842386520439,29.57275123695816,1.6357899823143902,4.43967881738188,M1_ANCHOR,cofactor_6426,7,42,anchor,False,False,False,1.0,
1.0024655645848197,1.7526205023684462,26.660316951337492,1.4377197891763902,7.593322728062719,M3_ANCHOR_REVIN,cofactor_6426,7,42,revin,False,False,False,1.0,
1.0742097276931304,1.8681404777060286,28.228423507579812,1.5285148831394335,4.711177875020751,M7_FULL_REVIN_SIM_CAL,cofactor_6426,7,42,revin,True,False,True,1.25,1.0589743048107376
1.0776708626342082,1.8878017939905134,29.027343706840586,1.5500858371100994,4.615093804987547,M1_ANCHOR,cofactor_6426,14,42,anchor,False,False,False,1.0,
1.014780326066895,1.7854520080573897,26.9500107673798,1.4691390849286838,8.575997434216061,M3_ANCHOR_REVIN,cofactor_6426,14,42,revin,False,False,False,1.0,
0.956069102971738,1.5714707240406207,26.276669408921066,1.2472671979139383,5.145948678012144,M7_FULL_REVIN_SIM_CAL,cofactor_6426,14,42,revin,True,False,True,1.25,0.9631914939527336
1.0243687802881565,1.718633372617901,28.398158024350494,1.3800879430533255,4.758497847801061,M1_ANCHOR,cofactor_6426,30,42,anchor,False,False,False,1.0,
0.9768438026722512,1.6792852753250769,26.663885430956984,1.3660318950454646,8.626513189734947,M3_ANCHOR_REVIN,cofactor_6426,30,42,revin,False,False,False,1.0,
0.9324604536726686,1.5242143757632387,26.47221441071569,1.2058008613938254,4.733567141698796,M7_FULL_REVIN_SIM_CAL,cofactor_6426,30,42,revin,True,False,True,1.25,0.9171679432579783
1.219365220671556,1.7257986943310122,21.779941948670682,1.2213757718203142,2.5898215869395687,M1_ANCHOR,cofactor_6428,3,42,anchor,False,False,False,1.0,
1.111666815749776,1.5855954598626438,19.301185801183923,1.130710517507822,2.905713666003584,M3_ANCHOR_REVIN,cofactor_6428,3,42,revin,False,False,False,1.0,
1.2860080758805708,1.8356095037611864,22.39280581754304,1.3099271354048823,3.494998044974145,M7_FULL_REVIN_SIM_CAL,cofactor_6428,3,42,revin,True,False,True,0.75,1.1547978482841414
1.243248296627833,1.772256037938845,22.079464802710334,1.2631192558548698,2.518745786716168,M1_ANCHOR,cofactor_6428,7,42,anchor,False,False,False,1.0,
1.1521835896171757,1.6436847260124658,20.120584942257068,1.17234107904308,3.4330810472478728,M3_ANCHOR_REVIN,cofactor_6428,7,42,revin,False,False,False,1.0,
1.2601184246173252,1.7834438952581224,22.018258297859887,1.2621483369077553,2.935969259335784,M7_FULL_REVIN_SIM_CAL,cofactor_6428,7,42,revin,True,False,True,1.0,1.1350130926462945
1.238251203677726,1.7599047144512037,22.134380786886627,1.250695358560065,2.5761753457790326,M1_ANCHOR,cofactor_6428,14,42,anchor,False,False,False,1.0,
1.15277929570242,1.6461513235348073,20.279354820853833,1.1752132838515241,3.6092939394600934,M3_ANCHOR_REVIN,cofactor_6428,14,42,revin,False,False,False,1.0,
1.1822200298935133,1.6709361362999338,21.03796547863352,1.1809308317296487,2.8356195386772987,M7_FULL_REVIN_SIM_CAL,cofactor_6428,14,42,revin,True,False,True,1.25,1.080282486786814
1.2104671892013998,1.6746660718475816,21.8528643470895,1.1573596784020495,2.3907916332701578,M1_ANCHOR,cofactor_6428,30,42,anchor,False,False,False,1.0,
1.1313675473081921,1.596890844495537,20.213487265961703,1.1270594469652213,3.306271163981737,M3_ANCHOR_REVIN,cofactor_6428,30,42,revin,False,False,False,1.0,
1.1414544276073557,1.5977559753718626,20.784302961374447,1.1180778163334357,2.816178705802234,M7_FULL_REVIN_SIM_CAL,cofactor_6428,30,42,revin,True,False,True,1.25,1.0429771450046479
2.093160216637966,3.9348574436591286,26.12983721192805,3.332161623202562,4.350778193443721,M1_ANCHOR,cofactor_6429,3,42,anchor,False,False,False,1.0,
1.7659853548003637,3.1863277346234464,23.20440695373352,2.6523464596714152,4.362600376491521,M3_ANCHOR_REVIN,cofactor_6429,3,42,revin,False,False,False,1.0,
2.400963002658814,4.28757624253308,30.743592710564,3.5525218842405613,4.289104961964859,M7_FULL_REVIN_SIM_CAL,cofactor_6429,3,42,revin,True,False,True,1.25,2.306319844281857
2.327279195491515,4.5242787922816206,28.487049709036572,3.880068033572699,4.573347413158739,M1_ANCHOR,cofactor_6429,7,42,anchor,False,False,False,1.0,
1.9108263322888457,3.548204843001318,24.797699565147685,2.9899368349502202,4.524999454341044,M3_ANCHOR_REVIN,cofactor_6429,7,42,revin,False,False,False,1.0,
1.8963951722623695,3.4552352264269386,25.24391103521253,2.8885076186355714,4.346883962351328,M7_FULL_REVIN_SIM_CAL,cofactor_6429,7,42,revin,True,False,True,1.25,1.8228848422988813
2.2991560876134858,4.4632639441883795,28.262912158558922,3.825781874335064,4.7042569682725714,M1_ANCHOR,cofactor_6429,14,42,anchor,False,False,False,1.0,
1.9400920251813398,3.552044244244886,25.798925669231647,2.975612795405135,4.729421809405232,M3_ANCHOR_REVIN,cofactor_6429,14,42,revin,False,False,False,1.0,
2.101639055623883,3.671453377563718,30.891134913284745,3.010634833590554,4.094873913362378,M7_FULL_REVIN_SIM_CAL,cofactor_6429,14,42,revin,True,False,True,1.25,1.9849530311642165
2.2128716884371022,4.219712796692829,28.191757365253224,3.593179612963133,4.639662091165147,M1_ANCHOR,cofactor_6429,30,42,anchor,False,False,False,1.0,
1.8915330214039694,3.359197102646185,26.041312207894023,2.7762135179560605,4.460851876838405,M3_ANCHOR_REVIN,cofactor_6429,30,42,revin,False,False,False,1.0,
1.9946324728767288,3.4209016153800693,28.660549979679562,2.7794001284479415,4.180673256562689,M7_FULL_REVIN_SIM_CAL,cofactor_6429,30,42,revin,True,False,True,1.25,1.9157675095257143
5.971902339504867,11.668769010829068,10.02554918854028,10.025482088005518,4.120567594330701,M1_ANCHOR,cofactor_6431,3,42,anchor,False,False,False,1.0,
5.520247810252857,10.598944817109818,9.047663894144991,9.0485184791826,3.8516054108964846,M3_ANCHOR_REVIN,cofactor_6431,3,42,revin,False,False,False,1.0,
5.962384937462812,11.713800412187194,10.201323191909214,10.08350057504288,4.061134791787271,M7_FULL_REVIN_SIM_CAL,cofactor_6431,3,42,revin,True,False,True,0.75,6.915221702388905
6.137149714601594,12.144034645113475,10.233330173508282,10.4798846782,4.140460401707507,M1_ANCHOR,cofactor_6431,7,42,anchor,False,False,False,1.0,
5.719910811524985,11.1537864289863,9.397490393844796,9.576121682144798,3.9584704303965657,M3_ANCHOR_REVIN,cofactor_6431,7,42,revin,False,False,False,1.0,
5.954946890671165,11.66594421457833,10.177996751024484,10.03227885390808,3.9427868736134,M7_FULL_REVIN_SIM_CAL,cofactor_6431,7,42,revin,True,False,True,1.0,6.859940533670246
6.096540893123973,12.22022151015602,10.198570700991732,10.59156912803877,4.256167958146845,M1_ANCHOR,cofactor_6431,14,42,anchor,False,False,False,1.0,
5.848563431349547,11.734736565936892,9.800504104100213,10.174109142547767,4.2892566546258175,M3_ANCHOR_REVIN,cofactor_6431,14,42,revin,False,False,False,1.0,
5.858155194885164,11.589744585549113,10.0441632551463,10.000893379327712,3.9924162627171063,M7_FULL_REVIN_SIM_CAL,cofactor_6431,14,42,revin,True,False,True,1.0,6.698311824301354
6.1590922956119645,12.16805663269494,10.709162951564057,10.494867283170935,4.1319421493424136,M1_ANCHOR,cofactor_6431,30,42,anchor,False,False,False,1.0,
5.728644396984991,11.48746754392873,9.7264146555274,9.957815902105882,4.334716432254098,M3_ANCHOR_REVIN,cofactor_6431,30,42,revin,False,False,False,1.0,
5.742095067292164,11.483589298566939,9.884212802190365,9.945586344704807,4.1834709193579585,M7_FULL_REVIN_SIM_CAL,cofactor_6431,30,42,revin,True,False,True,1.25,6.54510399412725
6.983175478305844,12.063997132355048,12.974030475833478,9.83811514074913,3.83513422580031,M1_ANCHOR,cofactor_6432,3,42,anchor,False,False,False,1.0,
6.370207982814849,10.474684185008678,12.38705513221866,8.315582096471458,3.6029586874135373,M3_ANCHOR_REVIN,cofactor_6432,3,42,revin,False,False,False,1.0,
6.4806697964847055,10.631266312127797,12.62267405057539,8.428193551863812,3.5654268439881704,M7_FULL_REVIN_SIM_CAL,cofactor_6432,3,42,revin,True,False,True,1.25,3.921842412996692
7.228704933619866,12.67288238766644,13.375739052119584,10.409734704831461,3.810447749274237,M1_ANCHOR,cofactor_6432,7,42,anchor,False,False,False,1.0,
6.401729233663406,10.568796761706926,12.459136948730908,8.409934004867418,3.701268550469777,M3_ANCHOR_REVIN,cofactor_6432,7,42,revin,False,False,False,1.0,
6.654554553753399,11.142721484559068,12.872591412311515,8.938012052067112,3.7294680022396047,M7_FULL_REVIN_SIM_CAL,cofactor_6432,7,42,revin,True,False,True,1.0,4.082691615789646
7.237303312833355,12.58806450971496,13.412146417539327,10.300257411958953,3.831038520853503,M1_ANCHOR,cofactor_6432,14,42,anchor,False,False,False,1.0,
6.444415355523799,10.752927274440637,12.458484113286454,8.60843071294745,3.7569037076713996,M3_ANCHOR_REVIN,cofactor_6432,14,42,revin,False,False,False,1.0,
6.540736274839797,10.780930600703133,12.713296064834337,8.570721600085701,3.557433842987362,M7_FULL_REVIN_SIM_CAL,cofactor_6432,14,42,revin,True,False,True,1.25,4.01946227310226
7.320483302904485,12.769004623655777,13.570282131407719,10.46293260099931,3.8400427488630045,M1_ANCHOR,cofactor_6432,30,42,anchor,False,False,False,1.0,
6.556075504343751,11.037923561678923,12.60437886886066,8.880563290723336,3.7300897313276105,M3_ANCHOR_REVIN,cofactor_6432,30,42,revin,False,False,False,1.0,
6.4475901913298115,10.613947317634958,12.579715214233111,8.431735924742913,3.61650129783819,M7_FULL_REVIN_SIM_CAL,cofactor_6432,30,42,revin,True,False,True,1.25,3.893889908553182
2.044550277534433,3.597311248727884,14.973791118739447,2.960020603790002,3.539809243321406,M1_ANCHOR,cofactor_6433,3,42,anchor,False,False,False,1.0,
1.9385582112055164,3.5844156370673383,14.199549401360498,3.0151839908002236,3.77380801642613,M3_ANCHOR_REVIN,cofactor_6433,3,42,revin,False,False,False,1.0,
1.8795009807118255,3.3208904150139467,14.128152364950623,2.738040716916574,3.4715977543155727,M7_FULL_REVIN_SIM_CAL,cofactor_6433,3,42,revin,True,False,True,1.25,1.9949700811817892
2.168887571109321,4.074069125732825,15.568233713407913,3.449010883837981,4.021637282436153,M1_ANCHOR,cofactor_6433,7,42,anchor,False,False,False,1.0,
1.9678533677656527,3.646688160736278,14.332494897569703,3.070381561377046,3.8765479906201508,M3_ANCHOR_REVIN,cofactor_6433,7,42,revin,False,False,False,1.0,
2.056928924924188,3.7781680004669096,15.027693750653956,3.1693912539320377,3.9434011345275852,M7_FULL_REVIN_SIM_CAL,cofactor_6433,7,42,revin,True,False,True,1.25,2.1849277408475407
2.201127097811382,4.193168603896265,15.740582267510112,3.5692483641988564,4.400064438239598,M1_ANCHOR,cofactor_6433,14,42,anchor,False,False,False,1.0,
2.026626718658861,3.737423231118763,14.7422010102093,3.1404672259684996,4.029203981634549,M3_ANCHOR_REVIN,cofactor_6433,14,42,revin,False,False,False,1.0,
2.127956613582369,3.933995014299802,15.675901097444028,3.3090318160254437,4.13926957348741,M7_FULL_REVIN_SIM_CAL,cofactor_6433,14,42,revin,True,False,True,1.25,2.2569068530391925
2.2250324601583937,4.186866753668785,15.89863713310405,3.5469553708990125,4.047590441025481,M1_ANCHOR,cofactor_6433,30,42,anchor,False,False,False,1.0,
2.00507430409426,3.622392161311868,14.70519436797243,3.0170698729382965,3.937280890628601,M3_ANCHOR_REVIN,cofactor_6433,30,42,revin,False,False,False,1.0,
2.0599834133634864,3.636057287374334,15.585346637501335,2.9964431772691538,3.7981496483709516,M7_FULL_REVIN_SIM_CAL,cofactor_6433,30,42,revin,True,False,True,1.25,2.1187092314510547
1.6364322972272531,2.7769621104220774,16.970421617515523,2.243730870891448,3.2189243503678253,M1_ANCHOR,cofactor_6434,3,42,anchor,False,False,False,1.0,
1.4495608148373125,2.4375277740203987,14.886601259628163,1.959812402183248,3.39258220449797,M3_ANCHOR_REVIN,cofactor_6434,3,42,revin,False,False,False,1.0,
1.451064965939,2.3519318732050265,15.332867318537671,1.8510765162456906,3.254911479078349,M7_FULL_REVIN_SIM_CAL,cofactor_6434,3,42,revin,True,False,True,1.25,1.5943247671385832
1.6524295777331377,2.804261667352401,17.378639545501585,2.265854052242625,3.265267150047729,M1_ANCHOR,cofactor_6434,7,42,anchor,False,False,False,1.0,
1.5071119305478047,2.58768735133835,15.502523271497399,2.1036569701793466,3.464409911904957,M3_ANCHOR_REVIN,cofactor_6434,7,42,revin,False,False,False,1.0,
1.5082671396749676,2.52691860771595,15.836723072136655,2.0275690125387857,3.6841274075591253,M7_FULL_REVIN_SIM_CAL,cofactor_6434,7,42,revin,True,False,True,1.25,1.7177286423799043
1.6275962397393295,2.808862674341605,17.002156821007226,2.2894082100358406,3.212384269093278,M1_ANCHOR,cofactor_6434,14,42,anchor,False,False,False,1.0,
1.5650148342668095,2.727629198822844,16.13566257928694,2.2341449806947518,3.864810484381028,M3_ANCHOR_REVIN,cofactor_6434,14,42,revin,False,False,False,1.0,
1.4780354547694945,2.470700422513495,15.741233691334976,1.9799830052910268,3.302560556782432,M7_FULL_REVIN_SIM_CAL,cofactor_6434,14,42,revin,True,False,True,1.25,1.6399818619892583
1.6272066225205326,2.8187142273045027,17.085145411248746,2.3017616224195736,3.808758464802123,M1_ANCHOR,cofactor_6434,30,42,anchor,False,False,False,1.0,
1.6041865391746564,2.8419544700934414,16.617680559209496,2.3460772135775794,4.051912409398109,M3_ANCHOR_REVIN,cofactor_6434,30,42,revin,False,False,False,1.0,
1.4701502410184486,2.4882970953519346,15.832626116870996,2.007699540932092,3.4376669015171,M7_FULL_REVIN_SIM_CAL,cofactor_6434,30,42,revin,True,False,True,1.25,1.6401590468070364
3.8630955733704586,5.588558764170684,6.102511590741508,4.038654845427097,2.6272477435797232,M1_ANCHOR,cofactor_6436,3,42,anchor,False,False,False,1.0,
3.4259558581431384,4.8271784677803895,5.317185331529639,3.400893241415452,2.4521921648296856,M3_ANCHOR_REVIN,cofactor_6436,3,42,revin,False,False,False,1.0,
3.356939421065551,4.490521572685512,5.1813119558735,2.9827788609275245,2.0128865448301942,M7_FULL_REVIN_SIM_CAL,cofactor_6436,3,42,revin,True,False,True,1.0,3.329908862050393
3.7924352827369496,5.439425014255718,5.977581211733204,3.899599730733286,2.5802026278292596,M1_ANCHOR,cofactor_6436,7,42,anchor,False,False,False,1.0,
3.421166048947392,4.804368300646841,5.3264902724804735,3.373299312937858,2.375276894407877,M3_ANCHOR_REVIN,cofactor_6436,7,42,revin,False,False,False,1.0,
3.2165808111796523,4.315177952569925,4.9723820967161405,2.8767187705828476,2.005727998854366,M7_FULL_REVIN_SIM_CAL,cofactor_6436,7,42,revin,True,False,True,1.0,3.25543101993013
3.78873380116406,5.435529419459176,5.995856221182771,3.8977651580429353,2.5252193077730296,M1_ANCHOR,cofactor_6436,14,42,anchor,False,False,False,1.0,
3.4112567888331022,4.7610736785367544,5.329762873501832,3.3215467016483458,2.3624900267997555,M3_ANCHOR_REVIN,cofactor_6436,14,42,revin,False,False,False,1.0,
3.15803326286917,4.208129950680306,4.874953214317664,2.781411763475613,2.01103045254139,M7_FULL_REVIN_SIM_CAL,cofactor_6436,14,42,revin,True,False,True,1.25,3.2625825831285735
3.6726384627687514,5.290985050910652,5.814764279566131,3.808969946063258,2.5791119900599084,M1_ANCHOR,cofactor_6436,30,42,anchor,False,False,False,1.0,
3.5611013570846244,5.0364451609758065,5.58976631348845,3.5617535003032823,2.5199649986924726,M3_ANCHOR_REVIN,cofactor_6436,30,42,revin,False,False,False,1.0,
3.2558212452263793,4.352297320236321,5.051607079026345,2.888472186666864,2.002651140813231,M7_FULL_REVIN_SIM_CAL,cofactor_6436,30,42,revin,True,False,True,1.25,3.3293984472086917
1.8883571325147852,3.3342330093896706,32.142500628072334,2.7481444100952315,4.397595020966513,M1_ANCHOR,cofactor_6437,3,42,anchor,False,False,False,1.0,
1.7189707946849606,2.956523906149851,29.962935789066226,2.405618637742897,4.457626793245736,M3_ANCHOR_REVIN,cofactor_6437,3,42,revin,False,False,False,1.0,
1.8162851932358177,3.0967821334790506,31.78991845407783,2.508399481870284,4.343372329543198,M7_FULL_REVIN_SIM_CAL,cofactor_6437,3,42,revin,True,False,True,1.0,1.957170711516651
2.02274065122714,3.81706344306612,34.083318922748205,3.2372817431432424,4.687547172164378,M1_ANCHOR,cofactor_6437,7,42,anchor,False,False,False,1.0,
1.862651823889913,3.326126521162399,31.429957968339256,2.755854220953404,4.765704440549807,M3_ANCHOR_REVIN,cofactor_6437,7,42,revin,False,False,False,1.0,
1.8777814423091834,3.330159441920901,32.74677449510816,2.750451085924766,4.797318314313889,M7_FULL_REVIN_SIM_CAL,cofactor_6437,7,42,revin,True,False,True,1.0,2.0358897080765903
1.9407138796896102,3.5495965991353073,33.3214872999887,2.9722936792702637,4.7130015525722495,M1_ANCHOR,cofactor_6437,14,42,anchor,False,False,False,1.0,
1.7208645054983007,2.905620033457837,31.30137144641576,2.3413751329853634,4.5934254907893575,M3_ANCHOR_REVIN,cofactor_6437,14,42,revin,False,False,False,1.0,
1.6196678744770605,2.562775888730459,30.619048368802325,1.986217686801933,3.7351546240318707,M7_FULL_REVIN_SIM_CAL,cofactor_6437,14,42,revin,True,False,True,1.25,1.6769072807698289
1.7697844075088764,2.9278142580965785,33.14595398311799,2.3325389498234523,3.890580458886917,M1_ANCHOR,cofactor_6437,30,42,anchor,False,False,False,1.0,
1.641094749852553,2.7004076503749084,31.74112888542891,2.144683573348066,4.2975090509076335,M3_ANCHOR_REVIN,cofactor_6437,30,42,revin,False,False,False,1.0,
1.6226330563064717,2.650147353094757,31.717271981198298,2.0954644417360404,3.936119599940645,M7_FULL_REVIN_SIM_CAL,cofactor_6437,30,42,revin,True,False,True,1.25,1.6032200827268714
2.286989727422655,6.131574383335847,4.052377767920682,5.6894909259036295,4.753709990001295,M1_ANCHOR,cofactor_6438,3,42,anchor,False,False,False,1.0,
1.8655060864438477,5.6523476559525,3.2902121513760014,5.335992215177097,4.7985091541182525,M3_ANCHOR_REVIN,cofactor_6438,3,42,revin,False,False,False,1.0,
1.852115305425863,5.445601999327789,3.283092543075251,5.121311846302333,4.827630983302317,M7_FULL_REVIN_SIM_CAL,cofactor_6438,3,42,revin,True,False,True,1.25,5.682292195008312
2.258113993000518,6.1974236057573915,4.024089881201434,5.771787769947755,5.7268257880715465,M1_ANCHOR,cofactor_6438,7,42,anchor,False,False,False,1.0,
1.9287177261148862,5.618736642795675,3.405176394218798,5.277694257300695,4.770979366726415,M3_ANCHOR_REVIN,cofactor_6438,7,42,revin,False,False,False,1.0,
1.8641765715347927,5.439839508409286,3.370019868859427,5.110799338777798,5.213767058350431,M7_FULL_REVIN_SIM_CAL,cofactor_6438,7,42,revin,True,False,True,1.25,5.627799469230569
2.2346961306503643,5.834889200004344,4.060849390325952,5.390365178183285,4.079686946317649,M1_ANCHOR,cofactor_6438,14,42,anchor,False,False,False,1.0,
1.855851676450821,5.3423665476214035,3.376327673083491,5.010002568648872,5.027562389918953,M3_ANCHOR_REVIN,cofactor_6438,14,42,revin,False,False,False,1.0,
1.7866652114932986,5.177523092738528,3.2658027985754665,4.859814918029006,4.968520345020036,M7_FULL_REVIN_SIM_CAL,cofactor_6438,14,42,revin,True,False,True,1.25,5.417875350480415
2.0028909176604284,5.635324210037853,3.7471487592936072,5.267741437985497,3.3897217645755644,M1_ANCHOR,cofactor_6438,30,42,anchor,False,False,False,1.0,
1.804287762687025,5.203687561264958,3.2883796669913736,4.881205447950937,4.981079931600378,M3_ANCHOR_REVIN,cofactor_6438,30,42,revin,False,False,False,1.0,
1.782865597200624,5.079253514568294,3.2639344339803715,4.756395571433391,4.916983948154007,M7_FULL_REVIN_SIM_CAL,cofactor_6438,30,42,revin,True,False,True,1.25,5.490903526960135
1.9234048080401653,2.9188147584445185,13.761955753916416,2.1955984281433456,3.0268866000658177,M1_ANCHOR,cofactor_6439,3,42,anchor,False,False,False,1.0,
1.7164909237254402,2.6427787027981138,11.935908773216761,2.0095995095254886,3.088644570727469,M3_ANCHOR_REVIN,cofactor_6439,3,42,revin,False,False,False,1.0,
1.8613402380063093,2.8328825596574787,13.196781039244431,2.135710555944762,3.351139593757779,M7_FULL_REVIN_SIM_CAL,cofactor_6439,3,42,revin,True,False,True,1.25,1.9974958871746549
1.9265614639407869,2.9224792935400012,14.040600402734746,2.1977047870116535,3.227540103175114,M1_ANCHOR,cofactor_6439,7,42,anchor,False,False,False,1.0,
1.7265353680846083,2.6645546931709685,12.267805182917256,2.0296527819459187,3.3401915709477565,M3_ANCHOR_REVIN,cofactor_6439,7,42,revin,False,False,False,1.0,
1.8773915744402834,2.852458784149444,13.691721627448619,2.147685374102069,3.617931632017892,M7_FULL_REVIN_SIM_CAL,cofactor_6439,7,42,revin,True,False,True,1.25,2.032167735503586
1.9549867547367317,2.9570488678385956,13.988857099195458,2.218746872019437,3.032746126719826,M1_ANCHOR,cofactor_6439,14,42,anchor,False,False,False,1.0,
1.7858888276757392,2.7554399865153014,12.879290918247206,2.09848815466404,3.3966887326738604,M3_ANCHOR_REVIN,cofactor_6439,14,42,revin,False,False,False,1.0,
1.7458061197921462,2.6363098794028907,13.086731394867316,1.9755566902911166,3.2925993684034913,M7_FULL_REVIN_SIM_CAL,cofactor_6439,14,42,revin,True,False,True,1.25,1.8856925444114623
1.93951792445844,2.9510707591426844,13.983256109317214,2.2243572419758206,3.076360711799888,M1_ANCHOR,cofactor_6439,30,42,anchor,False,False,False,1.0,
1.8210321134439786,2.794287277110451,13.264484282469013,2.119551248153103,3.6906086110356155,M3_ANCHOR_REVIN,cofactor_6439,30,42,revin,False,False,False,1.0,
1.7483236606022674,2.6200313233515202,13.19488427704486,1.951524808325901,3.344011696778967,M7_FULL_REVIN_SIM_CAL,cofactor_6439,30,42,revin,True,False,True,1.25,1.8723072948438872
3.6666775275128813,7.203294831307022,10.779975856361352,6.200660262617473,4.059409010684288,M1_ANCHOR,cofactor_6440,3,42,anchor,False,False,False,1.0,
3.1963188278028705,6.260492414295456,9.234243909357952,5.383425728604527,4.428888087248367,M3_ANCHOR_REVIN,cofactor_6440,3,42,revin,False,False,False,1.0,
3.325438389251289,6.3984171010977215,9.67688263832074,5.46674362307522,4.361713542330083,M7_FULL_REVIN_SIM_CAL,cofactor_6440,3,42,revin,True,False,True,1.25,3.646834132486764
3.829516651032285,7.861272295823032,10.850001921128136,6.865919301603556,4.633114071835334,M1_ANCHOR,cofactor_6440,7,42,anchor,False,False,False,1.0,
3.362120864300141,6.842756874608347,9.601857116619076,5.960228237365987,4.6728726386050905,M3_ANCHOR_REVIN,cofactor_6440,7,42,revin,False,False,False,1.0,
3.4977179765878725,7.053586619305145,9.918108179423031,6.1256985078812285,4.381934321634493,M7_FULL_REVIN_SIM_CAL,cofactor_6440,7,42,revin,True,False,True,1.25,3.842018351608674
3.883916028126876,8.070021835422429,10.934065530924963,7.074410894922931,4.790256719372244,M1_ANCHOR,cofactor_6440,14,42,anchor,False,False,False,1.0,
3.5717130245578366,7.37299866319998,10.081209181764946,6.4505552354692535,4.58355363630963,M3_ANCHOR_REVIN,cofactor_6440,14,42,revin,False,False,False,1.0,
3.523492934469299,7.186480514779683,10.02244805562285,6.263853666171124,4.324697289229928,M7_FULL_REVIN_SIM_CAL,cofactor_6440,14,42,revin,True,False,True,1.0,3.8769654232566406
3.6188474600310983,7.198566862408517,10.700220118123358,6.223230802315431,4.713857117867913,M1_ANCHOR,cofactor_6440,30,42,anchor,False,False,False,1.0,
3.3872082805713104,6.8234276286715225,9.893802142770944,5.923747218721493,4.598120660733663,M3_ANCHOR_REVIN,cofactor_6440,30,42,revin,False,False,False,1.0,
3.120804139128485,5.832516972643711,9.418303081503645,4.927692645582358,4.251784753863244,M7_FULL_REVIN_SIM_CAL,cofactor_6440,30,42,revin,True,False,True,1.25,3.551957436832768
3.9020728022784734,6.634660611636042,14.621703920930068,5.366233784759011,4.4353490697264055,M1_ANCHOR,cofactor_6441,3,42,anchor,False,False,False,1.0,
3.609206368869081,5.964732085904935,13.585218003619001,4.749181534172369,4.192240125406723,M3_ANCHOR_REVIN,cofactor_6441,3,42,revin,False,False,False,1.0,
3.9196931920635025,6.569475227495594,14.349702570650857,5.272360951214908,4.327008352045557,M7_FULL_REVIN_SIM_CAL,cofactor_6441,3,42,revin,True,False,True,1.0,3.74376961733116
3.995419139545881,6.975080716626022,14.927389685803332,5.7177637662370016,4.754105181466389,M1_ANCHOR,cofactor_6441,7,42,anchor,False,False,False,1.0,
3.7720140792125685,6.4501186338635845,14.092647132250551,5.232558004954719,4.441650555868212,M3_ANCHOR_REVIN,cofactor_6441,7,42,revin,False,False,False,1.0,
3.841215987761082,6.286095219839881,14.517347386993315,4.9762857824396605,4.104681521202603,M7_FULL_REVIN_SIM_CAL,cofactor_6441,7,42,revin,True,False,True,1.25,3.6426090979556482
4.0227087269137245,7.190144568710312,15.117115226028202,5.959934861542552,4.944650584363095,M1_ANCHOR,cofactor_6441,14,42,anchor,False,False,False,1.0,
3.6667163688164974,6.182055496016808,13.877261032228757,4.9775867976057215,4.332626179645592,M3_ANCHOR_REVIN,cofactor_6441,14,42,revin,False,False,False,1.0,
3.7009528178800526,5.995987265899842,13.963765339733394,4.717821336466035,4.046547981488775,M7_FULL_REVIN_SIM_CAL,cofactor_6441,14,42,revin,True,False,True,1.25,3.454272754157912
3.721511698101233,6.234449306889798,14.410665215436817,5.002210647129587,4.2616139493260246,M1_ANCHOR,cofactor_6441,30,42,anchor,False,False,False,1.0,
3.637991928028916,6.17429678266602,13.93218700621939,4.989021957348609,4.433805396216434,M3_ANCHOR_REVIN,cofactor_6441,30,42,revin,False,False,False,1.0,
3.662973795922279,5.92295568388554,13.924091205185638,4.654779617528738,4.068473167381632,M7_FULL_REVIN_SIM_CAL,cofactor_6441,30,42,revin,True,False,True,1.25,3.405275514331572
5.532110576368742,8.42905676482231,6.499285197735685,6.360063950940379,2.7319371623285726,M1_ANCHOR,cofactor_6442,3,42,anchor,False,False,False,1.0,
5.138619689089839,7.708706299321696,6.055186930256803,5.746595833930873,2.5741583247191615,M3_ANCHOR_REVIN,cofactor_6442,3,42,revin,False,False,False,1.0,
5.405569160777197,8.063451175407288,6.260154984015777,5.983651007294379,2.4554753223230024,M7_FULL_REVIN_SIM_CAL,cofactor_6442,3,42,revin,True,False,True,1.0,5.496107709694224
5.717614412284166,8.846836218170141,6.75837201934051,6.7514278360089435,2.8648500414557296,M1_ANCHOR,cofactor_6442,7,42,anchor,False,False,False,1.0,
5.4071907730676525,8.28781837539404,6.364143781731466,6.281380824389319,2.7744625267429357,M3_ANCHOR_REVIN,cofactor_6442,7,42,revin,False,False,False,1.0,
5.438294282512793,8.14167347195383,6.257680101413514,6.059450675585089,2.5341751457861954,M7_FULL_REVIN_SIM_CAL,cofactor_6442,7,42,revin,True,False,True,1.25,5.458820867013504
5.532365318899637,8.297360593697139,6.6517510729634886,6.18421223118362,2.689341683284241,M1_ANCHOR,cofactor_6442,14,42,anchor,False,False,False,1.0,
5.091160620358329,7.417385687673578,6.057048603189138,5.394605466896925,2.3912822516740024,M3_ANCHOR_REVIN,cofactor_6442,14,42,revin,False,False,False,1.0,
4.830759630347,6.8261649359838055,5.638385709765595,4.823229826409069,2.2460085122603393,M7_FULL_REVIN_SIM_CAL,cofactor_6442,14,42,revin,True,False,True,1.25,4.961525207222756
5.370174220475549,7.994406664263188,6.496765521085695,5.922556660090104,2.5853502408417035,M1_ANCHOR,cofactor_6442,30,42,anchor,False,False,False,1.0,
4.766806030193019,6.877308890544639,5.717568343793392,4.957658595616164,2.2704960203522653,M3_ANCHOR_REVIN,cofactor_6442,30,42,revin,False,False,False,1.0,
4.5991436439354905,6.42538417627618,5.436368200992107,4.487344267493658,2.193208465037187,M7_FULL_REVIN_SIM_CAL,cofactor_6442,30,42,revin,True,False,True,1.25,4.796726692043735
1.6383208413379262,3.07267256107703,21.683071671449596,2.599643290357161,4.5772526043854125,M1_ANCHOR,cofactor_6443,3,42,anchor,False,False,False,1.0,
1.4757583960649676,2.6191348168865005,19.54703190957098,2.1639418663048797,4.054661551167898,M3_ANCHOR_REVIN,cofactor_6443,3,42,revin,False,False,False,1.0,
1.615283389618628,2.9024615461662857,20.75780886771868,2.4116255015218035,4.224156307251326,M7_FULL_REVIN_SIM_CAL,cofactor_6443,3,42,revin,True,False,True,1.0,1.591631331992693
1.65472682747692,3.1896079377846127,21.79121865214172,2.7269936547761606,4.828540476375172,M1_ANCHOR,cofactor_6443,7,42,anchor,False,False,False,1.0,
1.5516246355872743,2.86694033586458,20.44676572964566,2.410933923849031,4.372026608689813,M3_ANCHOR_REVIN,cofactor_6443,7,42,revin,False,False,False,1.0,
1.657315155980607,3.1467468522258284,21.354324226878667,2.675126239439208,4.613304928472425,M7_FULL_REVIN_SIM_CAL,cofactor_6443,7,42,revin,True,False,True,1.0,1.676916118075082
1.6223443796083696,3.116033909780277,21.983534298426232,2.660570163709258,4.939532664456068,M1_ANCHOR,cofactor_6443,14,42,anchor,False,False,False,1.0,
1.5341861361173132,2.885465247307224,20.720929561845242,2.443971976674983,4.643053677872108,M3_ANCHOR_REVIN,cofactor_6443,14,42,revin,False,False,False,1.0,
1.4836350832834482,2.676277101848045,19.875841406530288,2.227546699874575,4.135528087521255,M7_FULL_REVIN_SIM_CAL,cofactor_6443,14,42,revin,True,False,True,1.25,1.4643586830454673
1.526056947999708,2.8429041187210236,21.31577701733842,2.3987581204852764,4.7002229235797905,M1_ANCHOR,cofactor_6443,30,42,anchor,False,False,False,1.0,
1.4187833531614074,2.5312882871913516,19.98110069185168,2.0964434020539375,4.1416226032946,M3_ANCHOR_REVIN,cofactor_6443,30,42,revin,False,False,False,1.0,
1.4000106747874892,2.439542134816045,19.65857961313083,1.9979693629280955,3.845358695818119,M7_FULL_REVIN_SIM_CAL,cofactor_6443,30,42,revin,True,False,True,1.25,1.3620524398005627
8.28355920156318,15.070317478310349,17.84616317037738,12.590464533870923,4.646600616216307,M1_ANCHOR,cofactor_6444,3,42,anchor,False,False,False,1.0,
7.491414532522212,13.292431125187914,16.36195675469795,10.981105910438904,4.5279567320962135,M3_ANCHOR_REVIN,cofactor_6444,3,42,revin,False,False,False,1.0,
8.12926939981575,14.738662095238075,17.57332994008477,12.294908228128039,4.575250361160911,M7_FULL_REVIN_SIM_CAL,cofactor_6444,3,42,revin,True,False,True,0.75,7.412827888016446
8.27335188556412,15.065818892905614,17.764427864036616,12.591792310986213,4.645998712209404,M1_ANCHOR,cofactor_6444,7,42,anchor,False,False,False,1.0,
7.728212012044968,13.860868984550708,16.80130388391232,11.50727485744152,4.638829244621871,M3_ANCHOR_REVIN,cofactor_6444,7,42,revin,False,False,False,1.0,
8.08843921886747,14.644502118067626,17.518622975592667,12.209009832017967,4.479552510322656,M7_FULL_REVIN_SIM_CAL,cofactor_6444,7,42,revin,True,False,True,0.75,7.414141622110469
8.211471045265109,14.933529911519836,17.71484952662427,12.474146185875869,4.735237751454686,M1_ANCHOR,cofactor_6444,14,42,anchor,False,False,False,1.0,
7.745018655904273,13.906666132890935,16.83730082325988,11.55115320034177,4.6021728652023945,M3_ANCHOR_REVIN,cofactor_6444,14,42,revin,False,False,False,1.0,
8.006803612364033,14.584367061950422,17.313280803557323,12.19082125210346,4.6234881198528095,M7_FULL_REVIN_SIM_CAL,cofactor_6444,14,42,revin,True,False,True,0.75,7.306652352080094
8.215344267261512,14.909597276522625,17.677726741069076,12.442924189348561,4.481923687263056,M1_ANCHOR,cofactor_6444,30,42,anchor,False,False,False,1.0,
7.810749102179473,14.117470126150964,16.98702375760062,11.760737715106707,4.5939905056781445,M3_ANCHOR_REVIN,cofactor_6444,30,42,revin,False,False,False,1.0,
7.892701087878647,13.946435428719656,17.392527299205867,11.499010828866217,4.427538676160248,M7_FULL_REVIN_SIM_CAL,cofactor_6444,30,42,revin,True,False,True,1.0,7.1367240805895555
7.770173889389332,14.12025103471245,12.89985326904088,11.790883850060554,3.664884193341481,M1_ANCHOR,cofactor_6445,3,42,anchor,False,False,False,1.0,
7.034763784436932,12.764336151343388,11.5431051736825,10.651569194731955,3.765242005995485,M3_ANCHOR_REVIN,cofactor_6445,3,42,revin,False,False,False,1.0,
7.584505405654643,13.692938316036551,12.354926752684356,11.401300541727776,3.7740708542685764,M7_FULL_REVIN_SIM_CAL,cofactor_6445,3,42,revin,True,False,True,1.25,7.528919461158139
8.05166608319616,14.960108908505823,13.154132283892665,12.609414111507235,4.017252127722387,M1_ANCHOR,cofactor_6445,7,42,anchor,False,False,False,1.0,
7.2791462048454925,13.28031473425991,11.891965923002601,11.108451873769432,3.8008899032756394,M3_ANCHOR_REVIN,cofactor_6445,7,42,revin,False,False,False,1.0,
7.763559894908284,14.03666433012481,12.64276373878674,11.695034403020374,3.7285404611735298,M7_FULL_REVIN_SIM_CAL,cofactor_6445,7,42,revin,True,False,True,1.25,7.562619156610594
8.01825895478393,14.89056762467275,13.230843785387684,12.548231307574222,3.8877384701871227,M1_ANCHOR,cofactor_6445,14,42,anchor,False,False,False,1.0,
7.455658882491319,13.76771345986592,12.1978773997701,11.575035560474081,3.906161804332247,M3_ANCHOR_REVIN,cofactor_6445,14,42,revin,False,False,False,1.0,
7.289035828241049,13.262869336281375,12.081054587891991,11.081087020808384,3.6943225065781067,M7_FULL_REVIN_SIM_CAL,cofactor_6445,14,42,revin,True,False,True,1.25,7.318598323521307
8.030783202159474,14.757473465876892,13.338875824118999,12.381864044485326,3.925191464915996,M1_ANCHOR,cofactor_6445,30,42,anchor,False,False,False,1.0,
7.476418923365883,13.726586272594645,12.27179331119533,11.51262337470728,3.9375726498032697,M3_ANCHOR_REVIN,cofactor_6445,30,42,revin,False,False,False,1.0,
7.312963308032442,13.354218144882699,12.032204727666338,11.174651008472802,3.7261222401113323,M7_FULL_REVIN_SIM_CAL,cofactor_6445,30,42,revin,True,False,True,1.25,7.253254928844586
