MAE,RMSE,sMAPE,sigma_err,sigma_score,method,target,k,seed,mode,similarity,similarity_kind,msr,gate,calibrate,alpha,alpha_val_mae
1.8391370534997395,3.1648519719772383,25.488966502074156,2.5758046874429943,3.9236861516276638,M9_REVIN_MSR,cofactor_6396,3,42,revin,False,stats,True,False,False,1.0,
1.9986633657205515,3.6153115976633643,27.860889908853448,3.012816524897748,4.1030802260946695,M11_REVIN_MSR_DPS_CAL,cofactor_6396,3,42,revin,True,profile,True,False,True,0.5,2.403628963199175
1.8679609643756117,3.326057460205031,26.26756783290835,2.752165581156858,4.5862332817792,M9_REVIN_MSR,cofactor_6396,7,42,revin,False,stats,True,False,False,1.0,
1.9851126459075004,3.6764144841431152,27.621378390425583,3.094617948066581,4.547668074634961,M11_REVIN_MSR_DPS_CAL,cofactor_6396,7,42,revin,True,profile,True,False,True,0.75,2.3682727202117615
1.8415735343484725,3.31582351977942,26.866720310823034,2.7575953189428484,5.1017701566925115,M9_REVIN_MSR,cofactor_6396,14,42,revin,False,stats,True,False,False,1.0,
1.8613625418134774,3.2831633937843647,27.365969509143838,2.704716489520715,3.7290174682408384,M11_REVIN_MSR_DPS_CAL,cofactor_6396,14,42,revin,True,profile,True,False,True,1.25,2.2163933395055806
1.7249567224687083,2.9677929392314213,26.094808316842066,2.4151845778936125,3.9918810293304205,M9_REVIN_MSR,cofactor_6396,30,42,revin,False,stats,True,False,False,1.0,
1.7215281794732122,2.9449336608621786,26.41911702744028,2.389509456325324,3.6547448409543204,M11_REVIN_MSR_DPS_CAL,cofactor_6396,30,42,revin,True,profile,True,False,True,1.25,2.049938043336477
5.509380460141239,10.014688761653922,18.351335363541043,8.363655871335993,2.9267689964320462,M9_REVIN_MSR,cofactor_6397,3,42,revin,False,stats,True,False,False,1.0,
5.816500953174529,10.795361741676297,18.92070958715597,9.095053754576407,2.927325936047763,M11_REVIN_MSR_DPS_CAL,cofactor_6397,3,42,revin,True,profile,True,False,True,1.25,7.976738467052727
5.562012026870385,10.147840384854367,18.565349898422916,8.488404412500433,2.9753807277181687,M9_REVIN_MSR,cofactor_6397,7,42,revin,False,stats,True,False,False,1.0,
5.808763028093591,10.513466881184412,18.847232356155136,8.763689926879474,2.9845260644376372,M11_REVIN_MSR_DPS_CAL,cofactor_6397,7,42,revin,True,profile,True,False,True,1.25,7.6950349419381565
5.804935693152103,10.718687261650578,19.23027957335823,9.011360169809114,3.024759244402086,M9_REVIN_MSR,cofactor_6397,14,42,revin,False,stats,True,False,False,1.0,
5.8844003484607095,10.589241470152087,19.583395189657885,8.804372381706358,3.16534798620246,M11_REVIN_MSR_DPS_CAL,cofactor_6397,14,42,revin,True,profile,True,False,True,1.25,7.708287121453393
5.767449289856088,10.56368044453295,19.44598503394608,8.850937610751753,2.943384303538874,M9_REVIN_MSR,cofactor_6397,30,42,revin,False,stats,True,False,False,1.0,
5.919888776956034,10.613808032991232,20.273409728029495,8.810162201924463,2.9329569674296603,M11_REVIN_MSR_DPS_CAL,cofactor_6397,30,42,revin,True,profile,True,False,True,1.25,7.564547753739032
1.2439089187045562,1.9947931642161236,8.133855618408687,1.5595636019899015,5.868111837411585,M9_REVIN_MSR,cofactor_6398,3,42,revin,False,stats,True,False,False,1.0,
1.2902580735572156,2.072722126139845,8.570063834801159,1.6222786279936239,6.189945847684274,M11_REVIN_MSR_DPS_CAL,cofactor_6398,3,42,revin,True,profile,True,False,True,1.0,1.5192270845408928
1.2488078045947266,2.006704772967506,8.256605273398604,1.5708903363132654,6.798736097251326,M9_REVIN_MSR,cofactor_6398,7,42,revin,False,stats,True,False,False,1.0,
1.2609243141007134,1.9979203879257803,8.421963850850304,1.5498708636058296,5.6614237308388695,M11_REVIN_MSR_DPS_CAL,cofactor_6398,7,42,revin,True,profile,True,False,True,1.0,1.4879127437461845
1.276633550002647,2.060374150843276,8.45672486662167,1.6173196812159492,7.178274939056066,M9_REVIN_MSR,cofactor_6398,14,42,revin,False,stats,True,False,False,1.0,
1.2822574825703408,2.0365231631189795,8.507380769943316,1.5822770992931423,6.466131917012414,M11_REVIN_MSR_DPS_CAL,cofactor_6398,14,42,revin,True,profile,True,False,True,1.25,1.5110560904564108
1.2940469288577567,2.0782398705800103,8.60803856510123,1.626315533460776,6.21270818382884,M9_REVIN_MSR,cofactor_6398,30,42,revin,False,stats,True,False,False,1.0,
1.3002354968944763,2.0744595230480596,8.665931241372862,1.616522232111441,5.594306521940185,M11_REVIN_MSR_DPS_CAL,cofactor_6398,30,42,revin,True,profile,True,False,True,1.0,1.5360956326415576
4.750508463282864,6.457020888295144,11.178957406843173,4.373605912908596,1.8395131512041734,M9_REVIN_MSR,cofactor_6399,3,42,revin,False,stats,True,False,False,1.0,
4.816614332403396,6.533171274810971,11.341593113576462,4.414209229830641,1.793717323223868,M11_REVIN_MSR_DPS_CAL,cofactor_6399,3,42,revin,True,profile,True,False,True,1.0,4.576666879263579
4.7361193916595035,6.464382734794765,11.132639050991138,4.400010206676468,1.8290743055116436,M9_REVIN_MSR,cofactor_6399,7,42,revin,False,stats,True,False,False,1.0,
4.8081065028585765,6.503051433074513,11.276393064955679,4.378862493713177,1.816164917553798,M11_REVIN_MSR_DPS_CAL,cofactor_6399,7,42,revin,True,profile,True,False,True,1.25,4.53493649721304
4.81966844092768,6.563201296943497,11.40513855442211,4.455238205171895,1.8651384099612962,M9_REVIN_MSR,cofactor_6399,14,42,revin,False,stats,True,False,False,1.0,
4.766287176047589,6.45877722549519,11.182603302417341,4.359005940932578,1.821378776200633,M11_REVIN_MSR_DPS_CAL,cofactor_6399,14,42,revin,True,profile,True,False,True,1.25,4.478950146893929
4.751128388013044,6.494831535271463,11.226344307284347,4.428580257913885,1.8410771138124662,M9_REVIN_MSR,cofactor_6399,30,42,revin,False,stats,True,False,False,1.0,
4.679877053485869,6.368772209732076,11.012803359504904,4.3200215862504985,1.8179926125833477,M11_REVIN_MSR_DPS_CAL,cofactor_6399,30,42,revin,True,profile,True,False,True,1.25,4.356709225169556
5.422874580977426,9.309270083202113,8.57959804346895,7.567220065510719,3.4605057265072867,M9_REVIN_MSR,cofactor_6400,3,42,revin,False,stats,True,False,False,1.0,
5.785702431660511,9.964865995960473,9.003277265269467,8.113769755828883,3.465591926870608,M11_REVIN_MSR_DPS_CAL,cofactor_6400,3,42,revin,True,profile,True,False,True,1.0,6.479120790157168
5.556960246012039,9.613275409734712,8.75361791889592,7.844980860005034,3.563168822594623,M9_REVIN_MSR,cofactor_6400,7,42,revin,False,stats,True,False,False,1.0,
5.686310396925489,9.748493093695503,8.959994452175797,7.918814278253794,3.530584290411544,M11_REVIN_MSR_DPS_CAL,cofactor_6400,7,42,revin,True,profile,True,False,True,1.0,6.368223681659282
5.6250516490227325,9.719738859311235,8.88536650281171,7.927216640415574,3.6608302368045957,M9_REVIN_MSR,cofactor_6400,14,42,revin,False,stats,True,False,False,1.0,
5.754973874977259,9.521595574430085,9.08511682334491,7.586104145893096,3.415464119921409,M11_REVIN_MSR_DPS_CAL,cofactor_6400,14,42,revin,True,profile,True,False,True,1.0,6.3586932846047235
5.4683229973773315,9.307208132281794,8.716867566576129,7.531890345466148,3.6296865049933795,M9_REVIN_MSR,cofactor_6400,30,42,revin,False,stats,True,False,False,1.0,
5.717235307220894,9.741544836083897,9.022963547659813,7.887932363925719,3.5756000563057735,M11_REVIN_MSR_DPS_CAL,cofactor_6400,30,42,revin,True,profile,True,False,True,0.75,6.384697604656126
0.9416492394384253,1.337222844245712,32.592944994308745,0.9495182355870123,2.763588899022967,M9_REVIN_MSR,cofactor_6402,3,42,revin,False,stats,True,False,False,1.0,
1.0135059898083165,1.4510509109853962,34.37033663794871,1.0385093989740746,2.6267569149703927,M11_REVIN_MSR_DPS_CAL,cofactor_6402,3,42,revin,True,profile,True,False,True,1.25,1.0579551297702505
0.9921564927618345,1.4337124227044589,34.2950574000928,1.0350377953519152,3.0327363545917403,M9_REVIN_MSR,cofactor_6402,7,42,revin,False,stats,True,False,False,1.0,
1.0070646034251827,1.4858210421157771,33.13426079758687,1.0925420859507395,2.8358046550370624,M11_REVIN_MSR_DPS_CAL,cofactor_6402,7,42,revin,True,profile,True,False,True,1.25,1.0602572690421517
0.9714981806341583,1.395404354336111,33.04989469397199,1.0017393671754393,2.5121687610382915,M9_REVIN_MSR,cofactor_6402,14,42,revin,False,stats,True,False,False,1.0,
0.9704073433165622,1.375119713191724,31.821065855408687,0.9743682995330882,2.4013421553411427,M11_REVIN_MSR_DPS_CAL,cofactor_6402,14,42,revin,True,profile,True,False,True,1.25,1.0103126457240268
0.9347395724746494,1.3120651992472876,32.52717323567106,0.9208110090686764,2.484325142655769,M9_REVIN_MSR,cofactor_6402,30,42,revin,False,stats,True,False,False,1.0,
0.898689779732157,1.241867312072023,30.460736187216785,0.857141483751721,2.2109370402067197,M11_REVIN_MSR_DPS_CAL,cofactor_6402,30,42,revin,True,profile,True,False,True,1.25,0.9242939425432264
2.314776848301079,3.7006608485878223,9.633690252450457,2.8875407981475174,3.082178304142426,M9_REVIN_MSR,cofactor_6404,3,42,revin,False,stats,True,False,False,1.0,
2.4471386332059684,3.6358972815871646,10.49686551957046,2.689292911426834,2.751593677878222,M11_REVIN_MSR_DPS_CAL,cofactor_6404,3,42,revin,True,profile,True,False,True,1.25,2.3482696107085865
2.3427331467652883,3.7595318710945875,9.867055721498758,2.9405643184763592,3.291606450157741,M9_REVIN_MSR,cofactor_6404,7,42,revin,False,stats,True,False,False,1.0,
2.476147653929477,3.779470016534753,10.631817827061553,2.8555652905434603,3.0404734533158293,M11_REVIN_MSR_DPS_CAL,cofactor_6404,7,42,revin,True,profile,True,False,True,1.25,2.400739019134467
2.3897756520957407,3.809165835498798,10.040033944940108,2.9664753181170265,3.1605346640252714,M9_REVIN_MSR,cofactor_6404,14,42,revin,False,stats,True,False,False,1.0,
2.2934374337434913,3.435592519307626,9.808805100821418,2.5581980139731164,2.9002579841053455,M11_REVIN_MSR_DPS_CAL,cofactor_6404,14,42,revin,True,profile,True,False,True,1.25,2.2565427141464833
2.251889267845678,3.446071906482412,9.68030894153387,2.608712333182763,2.9091824259877854,M9_REVIN_MSR,cofactor_6404,30,42,revin,False,stats,True,False,False,1.0,
2.313084712016175,3.495066563658517,9.899825964292239,2.6203266621464274,2.8831512115266844,M11_REVIN_MSR_DPS_CAL,cofactor_6404,30,42,revin,True,profile,True,False,True,1.0,2.228379267538155
1.071656844620396,1.701043448689404,18.280112553697183,1.3211127833604324,3.2655302087092384,M9_REVIN_MSR,cofactor_6405,3,42,revin,False,stats,True,False,False,1.0,
1.1505721436119507,1.8238933176609715,19.154835208609377,1.4152894990442937,3.070885906403013,M11_REVIN_MSR_DPS_CAL,cofactor_6405,3,42,revin,True,profile,True,False,True,1.25,1.242091518832132
1.1201752018590128,1.7963902875009363,18.682079606302334,1.404455480267939,3.7530181700357224,M9_REVIN_MSR,cofactor_6405,7,42,revin,False,stats,True,False,False,1.0,
1.1431358007392542,1.8161809343747983,18.93113529244838,1.4113915158255985,3.375637935504749,M11_REVIN_MSR_DPS_CAL,cofactor_6405,7,42,revin,True,profile,True,False,True,1.25,1.2433345154985087
1.159009593905003,1.9061275430464963,19.310217311492845,1.5133842967190587,4.409617142724027,M9_REVIN_MSR,cofactor_6405,14,42,revin,False,stats,True,False,False,1.0,
1.070990196940298,1.6360365256521663,18.528353245504327,1.2368527055764555,3.2110640962623145,M11_REVIN_MSR_DPS_CAL,cofactor_6405,14,42,revin,True,profile,True,False,True,1.25,1.1635577593960904
1.090691732864186,1.683924916378996,18.907197234446684,1.2830509281485951,3.0989533990055618,M9_REVIN_MSR,cofactor_6405,30,42,revin,False,stats,True,False,False,1.0,
1.0190137254763436,1.541261479224637,18.131594954826767,1.1564085623800173,2.7381361255612324,M11_REVIN_MSR_DPS_CAL,cofactor_6405,30,42,revin,True,profile,True,False,True,1.25,1.086033615994843
1.7223038566930682,2.4977949300777857,20.781501253635746,1.8091700657274168,2.5608481178843623,M9_REVIN_MSR,cofactor_6406,3,42,revin,False,stats,True,False,False,1.0,
1.8215879674024247,2.698784222670589,22.160061487178844,1.9914305484057293,2.818720468232769,M11_REVIN_MSR_DPS_CAL,cofactor_6406,3,42,revin,True,profile,True,False,True,1.25,1.6744724543746399
1.7888775644229842,2.598108504560274,21.792479292277907,1.8842956712636645,2.6834842319597336,M9_REVIN_MSR,cofactor_6406,7,42,revin,False,stats,True,False,False,1.0,
1.6574689285022925,2.3536293310851937,20.215880877795826,1.6711521507474474,2.5721645910203828,M11_REVIN_MSR_DPS_CAL,cofactor_6406,7,42,revin,True,profile,True,False,True,1.25,1.5193583294071078
1.762556384838173,2.512216697888476,21.863803177586433,1.7902697610502047,2.582319136697257,M9_REVIN_MSR,cofactor_6406,14,42,revin,False,stats,True,False,False,1.0,
1.6091980512413697,2.262981397572806,19.95203804420525,1.5911984528787366,2.568933279717807,M11_REVIN_MSR_DPS_CAL,cofactor_6406,14,42,revin,True,profile,True,False,True,1.25,1.4493689034848736
1.6975932929138888,2.3827808159581036,21.28705216713954,1.672185286575058,2.4861062700573693,M9_REVIN_MSR,cofactor_6406,30,42,revin,False,stats,True,False,False,1.0,
1.5990119302338452,2.226800523301848,19.93892110696115,1.5498805620983815,2.4748884198522996,M11_REVIN_MSR_DPS_CAL,cofactor_6406,30,42,revin,True,profile,True,False,True,1.25,1.427411389985002
1.5968612720986992,2.4404688093908886,16.557865351800206,1.8456461828049346,2.7295683738896117,M9_REVIN_MSR,cofactor_6407,3,42,revin,False,stats,True,False,False,1.0,
1.7752001953371732,2.7618459780456024,18.202212332661716,2.1159155284849636,2.793243226939903,M11_REVIN_MSR_DPS_CAL,cofactor_6407,3,42,revin,True,profile,True,False,True,1.25,1.8971547588025304
1.641971221640718,2.5026312893339577,17.23631021840596,1.888810393626822,2.7644950991974255,M9_REVIN_MSR,cofactor_6407,7,42,revin,False,stats,True,False,False,1.0,
1.755651488152616,2.669818594700435,18.13121050969934,2.011516476032976,2.661253848150207,M11_REVIN_MSR_DPS_CAL,cofactor_6407,7,42,revin,True,profile,True,False,True,1.25,1.8282529209028766
1.784196091904393,2.8430491475553628,18.673239164057712,2.213656342796746,3.1626109142092345,M9_REVIN_MSR,cofactor_6407,14,42,revin,False,stats,True,False,False,1.0,
1.742331256559377,2.737431616294863,18.3182398017435,2.1115046832013853,2.891956735405173,M11_REVIN_MSR_DPS_CAL,cofactor_6407,14,42,revin,True,profile,True,False,True,1.25,1.8050465633057335
1.5508251633705794,2.242269697957183,16.830215882316867,1.6195957201414117,2.5341265730958566,M9_REVIN_MSR,cofactor_6407,30,42,revin,False,stats,True,False,False,1.0,
1.5003748837891464,2.1328654133592444,16.383941151611065,1.516020832013425,2.5881289759288064,M11_REVIN_MSR_DPS_CAL,cofactor_6407,30,42,revin,True,profile,True,False,True,1.25,1.4913959088594368
5.5641100031826,9.858207103449383,7.1988273955277595,8.138428380616501,3.763849878581814,M9_REVIN_MSR,cofactor_6408,3,42,revin,False,stats,True,False,False,1.0,
5.914232660559333,10.750614674029922,7.834211951451032,8.978230888305278,3.964719411865219,M11_REVIN_MSR_DPS_CAL,cofactor_6408,3,42,revin,True,profile,True,False,True,1.0,7.019034696852351
5.660489437514717,9.9478606608159,7.403613312815985,8.180952000025373,3.6663093834875795,M9_REVIN_MSR,cofactor_6408,7,42,revin,False,stats,True,False,False,1.0,
6.254634875164858,11.031726570713605,8.394599674741743,9.087896762917323,3.87371965952313,M11_REVIN_MSR_DPS_CAL,cofactor_6408,7,42,revin,True,profile,True,False,True,1.0,7.519191861237657
5.71373439573473,10.21914756586368,7.658695002771304,8.473138059602801,3.9860000819857433,M9_REVIN_MSR,cofactor_6408,14,42,revin,False,stats,True,False,False,1.0,
5.733349303556485,10.139249380093108,7.782301242295542,8.36317416040574,3.781434644197385,M11_REVIN_MSR_DPS_CAL,cofactor_6408,14,42,revin,True,profile,True,False,True,1.0,6.852787886657452
5.384193792877715,9.280913219753057,7.599511011704917,7.560003348407827,3.7894521161337984,M9_REVIN_MSR,cofactor_6408,30,42,revin,False,stats,True,False,False,1.0,
5.301944900582517,8.885341576015728,7.556612423347456,7.130613772839579,3.5585277399224813,M11_REVIN_MSR_DPS_CAL,cofactor_6408,30,42,revin,True,profile,True,False,True,1.25,6.378476751617467
1.56535629212772,2.3268141297008897,12.779542910500938,1.7216700581192237,3.0104171336494905,M9_REVIN_MSR,cofactor_6409,3,42,revin,False,stats,True,False,False,1.0,
1.7233745682361936,2.5454356246422365,13.991534786495224,1.8734259513384703,2.7487515095917976,M11_REVIN_MSR_DPS_CAL,cofactor_6409,3,42,revin,True,profile,True,False,True,1.0,1.7065662587247756
1.6204411066355207,2.407647335322814,13.326880652347018,1.7808397120470596,3.049069853474575,M9_REVIN_MSR,cofactor_6409,7,42,revin,False,stats,True,False,False,1.0,
1.8641670207826933,2.794422507912309,14.571572022159462,2.0818978436535014,2.9731060278079693,M11_REVIN_MSR_DPS_CAL,cofactor_6409,7,42,revin,True,profile,True,False,True,1.0,1.8850699694031634
1.6758150026935266,2.4776714193610547,13.739553972151539,1.8250962554824737,3.158272093331092,M9_REVIN_MSR,cofactor_6409,14,42,revin,False,stats,True,False,False,1.0,
1.6867302283244696,2.49831381154892,13.725251099128291,1.8430949750917174,2.897481252236765,M11_REVIN_MSR_DPS_CAL,cofactor_6409,14,42,revin,True,profile,True,False,True,1.25,1.684940809528154
1.5978586920391034,2.3775575233486603,13.106089991410572,1.7607018320584185,2.9065338423444653,M9_REVIN_MSR,cofactor_6409,30,42,revin,False,stats,True,False,False,1.0,
1.6106342217689367,2.388351648417321,13.254345159808247,1.7636683532939708,2.8960955396549695,M11_REVIN_MSR_DPS_CAL,cofactor_6409,30,42,revin,True,profile,True,False,True,1.0,1.6044471418823627
4.98213325267912,6.468745162820103,6.6544491072798415,4.126180134818644,1.8455122513318882,M9_REVIN_MSR,cofactor_6410,3,42,revin,False,stats,True,False,False,1.0,
5.006777453586213,6.586395141466182,6.6695844728246785,4.279638866972889,1.903392258043616,M11_REVIN_MSR_DPS_CAL,cofactor_6410,3,42,revin,True,profile,True,False,True,1.25,5.227466192446722
5.082029729639221,6.634668054456374,6.803750598260826,4.265478362140063,1.8517792236677841,M9_REVIN_MSR,cofactor_6410,7,42,revin,False,stats,True,False,False,1.0,
5.00784476831438,6.55490756472623,6.698459908976338,4.229748656293315,1.8521114794563,M11_REVIN_MSR_DPS_CAL,cofactor_6410,7,42,revin,True,profile,True,False,True,1.25,5.28321698037973
5.107838963285588,6.6784218460873435,6.852455280512655,4.302772969812152,1.8595596595423967,M9_REVIN_MSR,cofactor_6410,14,42,revin,False,stats,True,False,False,1.0,
5.128010244750917,6.700850587860901,6.868542084965143,4.31363862708537,1.8785122304285906,M11_REVIN_MSR_DPS_CAL,cofactor_6410,14,42,revin,True,profile,True,False,True,1.0,5.334569757688494
5.187257794967849,6.787464735862854,6.960645431544419,4.377748245694439,1.86600852441708,M9_REVIN_MSR,cofactor_6410,30,42,revin,False,stats,True,False,False,1.0,
5.10564569731638,6.6850219701073,6.8381716547767315,4.3156079264330325,1.85996586277898,M11_REVIN_MSR_DPS_CAL,cofactor_6410,30,42,revin,True,profile,True,False,True,1.0,5.359110380283737
4.1246816198392775,6.549365237421312,9.342398937576084,5.087701481151855,3.6117375565331535,M9_REVIN_MSR,cofactor_6411,3,42,revin,False,stats,True,False,False,1.0,
4.287420347034041,6.583991443237413,9.829020115671344,4.997035678602936,3.301401370759759,M11_REVIN_MSR_DPS_CAL,cofactor_6411,3,42,revin,True,profile,True,False,True,1.0,4.127023805855977
4.212142667961128,6.699626159844318,9.578663906572142,5.210233797419923,3.644786239107892,M9_REVIN_MSR,cofactor_6411,7,42,revin,False,stats,True,False,False,1.0,
4.472433661448028,7.030718766441585,10.251834560344474,5.425158591178782,3.6812757339146187,M11_REVIN_MSR_DPS_CAL,cofactor_6411,7,42,revin,True,profile,True,False,True,1.0,4.29579651679104
4.17904961213349,6.664631991986312,9.523644576182539,5.19196778573443,3.6494390213207355,M9_REVIN_MSR,cofactor_6411,14,42,revin,False,stats,True,False,False,1.0,
4.1651257459980515,6.490237637175943,9.644536602926241,4.977778768500164,3.4422609342305353,M11_REVIN_MSR_DPS_CAL,cofactor_6411,14,42,revin,True,profile,True,False,True,1.0,4.044586190910163
3.9831663402317825,6.309122811016004,9.15109284425678,4.89312500199331,3.641856245022256,M9_REVIN_MSR,cofactor_6411,30,42,revin,False,stats,True,False,False,1.0,
4.059877332365376,6.370419778195849,9.340067746433455,4.909472652125194,3.469417910751388,M11_REVIN_MSR_DPS_CAL,cofactor_6411,30,42,revin,True,profile,True,False,True,1.0,3.9797248349702374
4.435432171735015,5.991883077442569,7.113723385412789,4.028887119578742,1.9979982440845345,M9_REVIN_MSR,cofactor_6412,3,42,revin,False,stats,True,False,False,1.0,
4.483996219995762,6.026605716902204,7.256740396739649,4.026919325238128,2.0025456372679744,M11_REVIN_MSR_DPS_CAL,cofactor_6412,3,42,revin,True,profile,True,False,True,0.75,4.350177678150559
4.40790792947041,5.950677505116189,7.091178682717171,3.99789969280067,2.0031789888285205,M9_REVIN_MSR,cofactor_6412,7,42,revin,False,stats,True,False,False,1.0,
4.472018136745059,6.010696795722487,7.214357355834446,4.016446509503336,1.9636057309631187,M11_REVIN_MSR_DPS_CAL,cofactor_6412,7,42,revin,True,profile,True,False,True,1.0,4.342421755982468
4.460798829318119,6.043943674523321,7.240978241625544,4.078346919068384,2.043072145508818,M9_REVIN_MSR,cofactor_6412,14,42,revin,False,stats,True,False,False,1.0,
4.420071100146389,5.973035865105483,7.135484464159611,4.01776595190258,1.9848882391572826,M11_REVIN_MSR_DPS_CAL,cofactor_6412,14,42,revin,True,profile,True,False,True,1.25,4.263469744865705
4.432929068760971,6.001953462871895,7.200925049847416,4.0465952234495965,1.993050741255312,M9_REVIN_MSR,cofactor_6412,30,42,revin,False,stats,True,False,False,1.0,
4.393221527960945,5.953143107962089,7.103767090174672,4.017689847566953,1.9758572050381216,M11_REVIN_MSR_DPS_CAL,cofactor_6412,30,42,revin,True,profile,True,False,True,1.25,4.196864513016159
4.073849863315373,5.791199566072295,4.684246365226642,4.116581335878734,2.5279026696106706,M9_REVIN_MSR,cofactor_6413,3,42,revin,False,stats,True,False,False,1.0,
4.12693431455063,5.794717092738144,4.783749461382385,4.068360441258733,2.41878867974702,M11_REVIN_MSR_DPS_CAL,cofactor_6413,3,42,revin,True,profile,True,False,True,1.0,4.516160909208922
4.145380031427263,5.891296232088834,4.758667500712018,4.18662780745965,2.575659638021513,M9_REVIN_MSR,cofactor_6413,7,42,revin,False,stats,True,False,False,1.0,
4.233117531912517,6.056047300385905,4.897215713896043,4.331444250992135,2.563875249362365,M11_REVIN_MSR_DPS_CAL,cofactor_6413,7,42,revin,True,profile,True,False,True,1.0,4.703363052700974
4.2013843088716865,6.023694546442174,4.815740023860938,4.317200201866267,2.497710877256635,M9_REVIN_MSR,cofactor_6413,14,42,revin,False,stats,True,False,False,1.0,
4.2118445185521285,6.046686963392646,4.864412044545057,4.339100258658697,2.5888904633020404,M11_REVIN_MSR_DPS_CAL,cofactor_6413,14,42,revin,True,profile,True,False,True,1.0,4.671699229887888
4.097082544186736,5.903220852930902,4.716660941299857,4.250497728499705,2.537643211043851,M9_REVIN_MSR,cofactor_6413,30,42,revin,False,stats,True,False,False,1.0,
4.107471350169991,5.971629475425685,4.744733269601751,4.3352082764203095,2.580746461407359,M11_REVIN_MSR_DPS_CAL,cofactor_6413,30,42,revin,True,profile,True,False,True,1.0,4.708655177860036
6.528896250467326,12.254015071555326,8.735660878969693,10.370588202101661,4.60241821253516,M9_REVIN_MSR,cofactor_6414,3,42,revin,False,stats,True,False,False,1.0,
6.607774926877628,12.410630634268383,8.910999757104435,10.506005435428348,4.3891569449343795,M11_REVIN_MSR_DPS_CAL,cofactor_6414,3,42,revin,True,profile,True,False,True,0.5,7.8835150466660435
6.669221895684289,12.281734790825018,8.794171972862177,10.313924040094815,4.437840417662201,M9_REVIN_MSR,cofactor_6414,7,42,revin,False,stats,True,False,False,1.0,
6.476611026855388,12.130589005615704,8.81273747767583,10.257635267470548,4.417958481611569,M11_REVIN_MSR_DPS_CAL,cofactor_6414,7,42,revin,True,profile,True,False,True,1.0,7.76045297746916
6.340360274655947,11.789353725401615,8.620473569826832,9.939929466448126,4.560627155601702,M9_REVIN_MSR,cofactor_6414,14,42,revin,False,stats,True,False,False,1.0,
6.404942510376932,11.990272263330915,8.7231792322128,10.136931782201165,4.3384631072729425,M11_REVIN_MSR_DPS_CAL,cofactor_6414,14,42,revin,True,profile,True,False,True,0.75,7.647399022189882
6.352880277377282,11.660080147439208,8.758255359886194,9.778110760312982,4.4432667194592295,M9_REVIN_MSR,cofactor_6414,30,42,revin,False,stats,True,False,False,1.0,
6.463045560930018,12.376275231914686,8.802373748474645,10.555399558673036,4.628419489033546,M11_REVIN_MSR_DPS_CAL,cofactor_6414,30,42,revin,True,profile,True,False,True,0.75,7.7165887784568765
1.8854839229800537,2.8273327160645576,16.280371767955952,2.106980750057713,2.374751043719922,M9_REVIN_MSR,cofactor_6415,3,42,revin,False,stats,True,False,False,1.0,
2.1302214412181995,3.2641568024343934,18.69406662371794,2.4734011045984157,2.632190055492878,M11_REVIN_MSR_DPS_CAL,cofactor_6415,3,42,revin,True,profile,True,False,True,1.25,2.43965261675594
2.0528329945929396,3.1859346098561665,17.74386405302981,2.436568915618664,2.7413732626559293,M9_REVIN_MSR,cofactor_6415,7,42,revin,False,stats,True,False,False,1.0,
2.118577189769391,3.242271066094947,18.34358578510703,2.4545419994604236,2.5219104145049003,M11_REVIN_MSR_DPS_CAL,cofactor_6415,7,42,revin,True,profile,True,False,True,1.25,2.4256154291534857
2.2305699201728273,3.5303579473815923,18.953334225218573,2.736605454942867,3.1908623306008614,M9_REVIN_MSR,cofactor_6415,14,42,revin,False,stats,True,False,False,1.0,
2.01353226419909,3.0317974994764585,17.692357620814374,2.2667568685317665,2.567928000440994,M11_REVIN_MSR_DPS_CAL,cofactor_6415,14,42,revin,True,profile,True,False,True,1.25,2.278957116662126
1.9444690585799957,2.7765122143268077,17.273919823666734,1.9820689975027503,2.3300256634764684,M9_REVIN_MSR,cofactor_6415,30,42,revin,False,stats,True,False,False,1.0,
1.901697173068577,2.7287890665408367,16.672072007346674,1.9571309484069939,2.304458693158981,M11_REVIN_MSR_DPS_CAL,cofactor_6415,30,42,revin,True,profile,True,False,True,1.25,2.1737271817519206
10.335615258964284,16.335869737268453,9.280806294296655,12.651386289085421,2.9171804274441353,M9_REVIN_MSR,cofactor_6416,3,42,revin,False,stats,True,False,False,1.0,
10.245716550731096,15.694506696252493,9.52509494726956,11.889581789502314,2.7877938544555394,M11_REVIN_MSR_DPS_CAL,cofactor_6416,3,42,revin,True,profile,True,False,True,1.25,11.552755523555602
10.720022686930655,16.951458047617923,9.57470909351817,13.132273834336845,3.0971646458899604,M9_REVIN_MSR,cofactor_6416,7,42,revin,False,stats,True,False,False,1.0,
11.01329378564051,17.088170047745006,9.99293821298266,13.066608318504334,2.9646444927117925,M11_REVIN_MSR_DPS_CAL,cofactor_6416,7,42,revin,True,profile,True,False,True,1.25,12.079736888320918
10.677614933684628,16.597563594160334,9.800670643916693,12.707860956538305,3.075914565671263,M9_REVIN_MSR,cofactor_6416,14,42,revin,False,stats,True,False,False,1.0,
10.366615327507013,15.951516939274324,9.647098170538557,12.124531860919797,2.944933678342642,M11_REVIN_MSR_DPS_CAL,cofactor_6416,14,42,revin,True,profile,True,False,True,1.25,11.582299289665782
10.304310154559605,15.967590942509595,9.551538152144463,12.198585675386886,3.1116873285384186,M9_REVIN_MSR,cofactor_6416,30,42,revin,False,stats,True,False,False,1.0,
9.952920197360921,15.25458800498333,9.368601622915312,11.561146323232997,3.0015211582358456,M11_REVIN_MSR_DPS_CAL,cofactor_6416,30,42,revin,True,profile,True,False,True,1.25,11.189197918307077
5.198799519119714,9.40244602664539,8.329253591292202,7.834977065245746,3.8545038643446596,M9_REVIN_MSR,cofactor_6418,3,42,revin,False,stats,True,False,False,1.0,
5.543521592275421,9.572936275932536,8.849837453296674,7.805049909526289,3.4555525789486206,M11_REVIN_MSR_DPS_CAL,cofactor_6418,3,42,revin,True,profile,True,False,True,1.0,5.565360799190586
5.604419418328754,10.422064309972162,8.845295772401716,8.787517423933137,3.968035670892605,M9_REVIN_MSR,cofactor_6418,7,42,revin,False,stats,True,False,False,1.0,
5.656238988258127,10.151790065776655,8.866333118563913,8.430629699268954,3.8464877436400013,M11_REVIN_MSR_DPS_CAL,cofactor_6418,7,42,revin,True,profile,True,False,True,1.0,5.612789953820538
5.4758841832453164,10.181161348776909,8.769365391642431,8.583752676383533,3.991381495270921,M9_REVIN_MSR,cofactor_6418,14,42,revin,False,stats,True,False,False,1.0,
5.434274072488153,9.770520775117955,8.730276197087921,8.12039129273849,3.687254534130215,M11_REVIN_MSR_DPS_CAL,cofactor_6418,14,42,revin,True,profile,True,False,True,1.0,5.4137831418706295
5.265509899575498,9.552867273220375,8.507909237815284,7.971220970514454,3.768786458865852,M9_REVIN_MSR,cofactor_6418,30,42,revin,False,stats,True,False,False,1.0,
5.261362948086868,9.416654614785529,8.468100555932615,7.810235714907013,3.5786011083743023,M11_REVIN_MSR_DPS_CAL,cofactor_6418,30,42,revin,True,profile,True,False,True,1.0,5.300875758632332
1.6038241849376955,2.284774026007468,11.87224910097763,1.6273606143283308,2.2596370497820666,M9_REVIN_MSR,cofactor_6419,3,42,revin,False,stats,True,False,False,1.0,
1.7907545041514963,2.5016725630203505,12.982543541410182,1.7469920918637192,2.1241682899298304,M11_REVIN_MSR_DPS_CAL,cofactor_6419,3,42,revin,True,profile,True,False,True,1.25,1.8062509732505143
1.6947407250583508,2.373075257907294,12.734373856120595,1.6612397566938146,2.232995014813483,M9_REVIN_MSR,cofactor_6419,7,42,revin,False,stats,True,False,False,1.0,
1.8115086736498571,2.5689150533456733,13.126322335729185,1.8215967563251556,2.227767506281782,M11_REVIN_MSR_DPS_CAL,cofactor_6419,7,42,revin,True,profile,True,False,True,1.25,1.8442002728888935
1.676058067513972,2.356306365792532,12.688327977972168,1.6563164807581323,2.243958587219552,M9_REVIN_MSR,cofactor_6419,14,42,revin,False,stats,True,False,False,1.0,
1.6403076911229335,2.3016667024410666,12.31011756749745,1.6147498043235924,2.1532245556032246,M11_REVIN_MSR_DPS_CAL,cofactor_6419,14,42,revin,True,profile,True,False,True,1.25,1.658805618684771
1.604776707066377,2.271317613165118,12.087452885069622,1.6074603729552226,2.295936058246756,M9_REVIN_MSR,cofactor_6419,30,42,revin,False,stats,True,False,False,1.0,
1.5734438319187696,2.2287778082314538,11.757050185000043,1.5786278508624039,2.250728622053932,M11_REVIN_MSR_DPS_CAL,cofactor_6419,30,42,revin,True,profile,True,False,True,1.25,1.583704068055031
5.659607717733059,12.194829443333377,8.71016997424575,10.802749798812412,4.674774771873893,M9_REVIN_MSR,cofactor_6420,3,42,revin,False,stats,True,False,False,1.0,
5.72773810972382,11.666417828149504,9.099175044604626,10.164305354099914,4.426718521280892,M11_REVIN_MSR_DPS_CAL,cofactor_6420,3,42,revin,True,profile,True,False,True,1.25,7.150458508389856
5.771207586081937,12.781128821113818,8.947046336590757,11.404780904297196,4.732711471937681,M9_REVIN_MSR,cofactor_6420,7,42,revin,False,stats,True,False,False,1.0,
5.928183160946106,12.59864581507087,9.412656408929942,11.117562940985914,4.2573669532283445,M11_REVIN_MSR_DPS_CAL,cofactor_6420,7,42,revin,True,profile,True,False,True,1.0,7.357297366418303
5.913923970111387,13.149748528146937,9.20574118282965,11.745685564564726,4.906167040871185,M9_REVIN_MSR,cofactor_6420,14,42,revin,False,stats,True,False,False,1.0,
5.820765449398289,12.363961803552833,9.224612682454417,10.908861915285613,4.479212347429736,M11_REVIN_MSR_DPS_CAL,cofactor_6420,14,42,revin,True,profile,True,False,True,1.25,7.350604139467526
5.876763132627165,12.94276534743151,9.375620326033049,11.532469792700041,4.794050997060975,M9_REVIN_MSR,cofactor_6420,30,42,revin,False,stats,True,False,False,1.0,
5.778706072670911,12.606925996965016,9.461429421464487,11.205315902046362,4.551621755679982,M11_REVIN_MSR_DPS_CAL,cofactor_6420,30,42,revin,True,profile,True,False,True,1.0,7.146884933028687
1.4473671419180805,2.025528175904985,11.708363278149815,1.4170981750259375,2.130934874952292,M9_REVIN_MSR,cofactor_6421,3,42,revin,False,stats,True,False,False,1.0,
1.5224175514634386,2.1130385217361125,12.350537657117016,1.4654248953704767,2.0807042358796544,M11_REVIN_MSR_DPS_CAL,cofactor_6421,3,42,revin,True,profile,True,False,True,1.25,3.954676244189648
1.5094208510180778,2.1261904489347674,12.234406636551103,1.4975450106392216,2.526667521262618,M9_REVIN_MSR,cofactor_6421,7,42,revin,False,stats,True,False,False,1.0,
1.5265898515552347,2.12270996111284,12.527971443526262,1.4750316592990411,2.151109328837367,M11_REVIN_MSR_DPS_CAL,cofactor_6421,7,42,revin,True,profile,True,False,True,1.25,4.006943913801758
1.5766564496490894,2.2372899860519184,12.7460790660388,1.5874398783115202,2.480284596873811,M9_REVIN_MSR,cofactor_6421,14,42,revin,False,stats,True,False,False,1.0,
1.5664751096393288,2.188528738320068,12.780305549095445,1.5284413916433381,2.1978396852443365,M11_REVIN_MSR_DPS_CAL,cofactor_6421,14,42,revin,True,profile,True,False,True,1.25,4.054966165705077
1.544907618781955,2.156188451390626,12.706739024396011,1.5042334828339368,2.2071163843058144,M9_REVIN_MSR,cofactor_6421,30,42,revin,False,stats,True,False,False,1.0,
1.5311523592171392,2.093993108336349,12.692061549384492,1.428516195754085,2.068141154969429,M11_REVIN_MSR_DPS_CAL,cofactor_6421,30,42,revin,True,profile,True,False,True,1.25,3.9429982157709214
1.292654437181655,2.3677646195545594,18.900119040251713,1.9839082095106388,5.299429458104942,M9_REVIN_MSR,cofactor_6422,3,42,revin,False,stats,True,False,False,1.0,
1.5028763218175463,3.050005649637502,21.163916651293587,2.6542155456796395,6.404659234256026,M11_REVIN_MSR_DPS_CAL,cofactor_6422,3,42,revin,True,profile,True,False,True,0.75,1.707818673482983
1.412137785943663,2.7244975404796765,19.924162837263857,2.330127863774477,5.692342395463092,M9_REVIN_MSR,cofactor_6422,7,42,revin,False,stats,True,False,False,1.0,
1.5141045267690616,3.1592910342039633,21.575044860971957,2.773023331123842,6.528627991784451,M11_REVIN_MSR_DPS_CAL,cofactor_6422,7,42,revin,True,profile,True,False,True,0.75,1.7061327956678816
1.3602406358452128,2.47303578300059,19.55217350871809,2.0654865127075026,5.9302878136517805,M9_REVIN_MSR,cofactor_6422,14,42,revin,False,stats,True,False,False,1.0,
1.294437943349189,2.2282799003518536,19.66344173167789,1.8138664337959223,5.500359396690495,M11_REVIN_MSR_DPS_CAL,cofactor_6422,14,42,revin,True,profile,True,False,True,1.25,1.4846348108102911
1.208613865089479,2.0587036945015997,18.75085524768277,1.6667012713595835,6.511789365828922,M9_REVIN_MSR,cofactor_6422,30,42,revin,False,stats,True,False,False,1.0,
1.1332599208920693,1.8775927796252954,18.764840357515077,1.4971248996236652,6.108812688765423,M11_REVIN_MSR_DPS_CAL,cofactor_6422,30,42,revin,True,profile,True,False,True,1.25,1.3156697318823742
5.601319854512196,7.335422431787751,6.888110252205132,4.736743576316905,1.7829537347652311,M9_REVIN_MSR,cofactor_6423,3,42,revin,False,stats,True,False,False,1.0,
5.622420078934169,7.323917547588337,6.916021409569141,4.693741173952281,1.7687968613197957,M11_REVIN_MSR_DPS_CAL,cofactor_6423,3,42,revin,True,profile,True,False,True,1.25,5.623903671124805
5.79223415703361,7.614386898944513,7.124922184143485,4.942902865867215,1.8066774664590484,M9_REVIN_MSR,cofactor_6423,7,42,revin,False,stats,True,False,False,1.0,
6.142083764875327,7.827982834198859,7.678895332989797,4.8533883505849325,1.7475094204518866,M11_REVIN_MSR_DPS_CAL,cofactor_6423,7,42,revin,True,profile,True,False,True,1.25,6.097227684164456
5.684947263513324,7.484528533846401,7.0438431741278675,4.868554053351349,1.7725077360960952,M9_REVIN_MSR,cofactor_6423,14,42,revin,False,stats,True,False,False,1.0,
5.592823180654441,7.280002931189552,6.900125448134407,4.660662429481727,1.7918958365590762,M11_REVIN_MSR_DPS_CAL,cofactor_6423,14,42,revin,True,profile,True,False,True,1.25,5.575503659041925
5.593951978754996,7.341757501529405,6.950770456615228,4.755231886810501,1.8048965694393158,M9_REVIN_MSR,cofactor_6423,30,42,revin,False,stats,True,False,False,1.0,
5.5196741408082435,7.258880195777709,6.875908335010172,4.714616817352894,1.803548759334228,M11_REVIN_MSR_DPS_CAL,cofactor_6423,30,42,revin,True,profile,True,False,True,1.0,5.5205952234214335
7.492096455286686,10.81853986471904,8.03989667599862,7.804978085090475,2.664406487697979,M9_REVIN_MSR,cofactor_6424,3,42,revin,False,stats,True,False,False,1.0,
7.789264941311087,11.214837850059698,8.38033671126099,8.069008869835505,2.6119628809691475,M11_REVIN_MSR_DPS_CAL,cofactor_6424,3,42,revin,True,profile,True,False,True,1.0,8.627251246286155
7.540679152532226,10.913372453226044,8.106825014366043,7.889767223644601,2.6301243998795094,M9_REVIN_MSR,cofactor_6424,7,42,revin,False,stats,True,False,False,1.0,
7.716713682933113,11.087451071204157,8.348535060238895,7.961948841359735,2.5557712335264373,M11_REVIN_MSR_DPS_CAL,cofactor_6424,7,42,revin,True,profile,True,False,True,1.25,8.490806110984144
7.649812650172502,11.110097249919118,8.264854248166936,8.057516135020968,2.6930381207259764,M9_REVIN_MSR,cofactor_6424,14,42,revin,False,stats,True,False,False,1.0,
7.722640556648004,11.09179392508783,8.342832542449216,7.962251197544587,2.608242305593531,M11_REVIN_MSR_DPS_CAL,cofactor_6424,14,42,revin,True,profile,True,False,True,1.25,8.566264675411997
7.845288761112181,11.321530856312398,8.531044852572265,8.163190561154297,2.535082567746975,M9_REVIN_MSR,cofactor_6424,30,42,revin,False,stats,True,False,False,1.0,
8.04687071070875,11.652304286777019,8.745065791325427,8.428157995186906,2.5121846649199417,M11_REVIN_MSR_DPS_CAL,cofactor_6424,30,42,revin,True,profile,True,False,True,1.0,8.918480405450715
1.0521930921780926,1.3561313429108888,17.042779902313477,0.8556178947862844,1.723880051387887,M9_REVIN_MSR,cofactor_6425,3,42,revin,False,stats,True,False,False,1.0,
1.1211613307160846,1.4378594408215424,18.610271117731788,0.9003043003265488,1.7583081548038364,M11_REVIN_MSR_DPS_CAL,cofactor_6425,3,42,revin,True,profile,True,False,True,1.25,1.1557731960865651
1.0984725950856695,1.4133654686368102,18.09761994633021,0.8894200550195055,1.827603485653339,M9_REVIN_MSR,cofactor_6425,7,42,revin,False,stats,True,False,False,1.0,
1.1128344195770024,1.430040025731341,18.536887663602425,0.8981783221008456,1.7989251197047171,M11_REVIN_MSR_DPS_CAL,cofactor_6425,7,42,revin,True,profile,True,False,True,1.25,1.1472051112793913
1.0892303284945715,1.4032166960268389,17.859078960322012,0.8847041157216118,1.7824354442725256,M9_REVIN_MSR,cofactor_6425,14,42,revin,False,stats,True,False,False,1.0,
1.0860054413379583,1.3959438813397589,18.009182808689584,0.87712978633058,1.7707051622360777,M11_REVIN_MSR_DPS_CAL,cofactor_6425,14,42,revin,True,profile,True,False,True,1.25,1.119002107516986
1.0407096834968501,1.3513783450095929,16.79578597923443,0.8621185406980261,1.760193076869926,M9_REVIN_MSR,cofactor_6425,30,42,revin,False,stats,True,False,False,1.0,
1.0237771086867866,1.3282088365361422,16.603071589367037,0.8462369815040983,1.8219273874942947,M11_REVIN_MSR_DPS_CAL,cofactor_6425,30,42,revin,True,profile,True,False,True,1.25,1.0732384092080292
0.9312901457043418,1.6049471674026496,25.576912293599495,1.3072105475303253,6.988451299353136,M9_REVIN_MSR,cofactor_6426,3,42,revin,False,stats,True,False,False,1.0,
0.9926918318657295,1.7012927374050728,27.741098809471186,1.3817503477848347,7.6454430383771985,M11_REVIN_MSR_DPS_CAL,cofactor_6426,3,42,revin,True,profile,True,False,True,1.25,1.015065736824682
0.9925258365638211,1.744547774547105,26.75547869831633,1.434794399899618,8.670691856519097,M9_REVIN_MSR,cofactor_6426,7,42,revin,False,stats,True,False,False,1.0,
1.0547343780778664,1.8523621895204767,28.111960276474747,1.5228637626871495,7.046943719882226,M11_REVIN_MSR_DPS_CAL,cofactor_6426,7,42,revin,True,profile,True,False,True,1.0,1.0673315507511367
1.036637170753636,1.884055368130371,27.647931874716143,1.5733414799343906,9.418428098012416,M9_REVIN_MSR,cofactor_6426,14,42,revin,False,stats,True,False,False,1.0,
1.0133427185195025,1.7753873492328949,27.48607646339765,1.4578895482867256,8.325883940764818,M11_REVIN_MSR_DPS_CAL,cofactor_6426,14,42,revin,True,profile,True,False,True,1.25,1.0168868256529826
0.9647296011483827,1.6375279800708589,26.974474040616986,1.3232709808110483,8.529452544523354,M9_REVIN_MSR,cofactor_6426,30,42,revin,False,stats,True,False,False,1.0,
0.9384699415576458,1.548784595862309,26.758991686607054,1.2321630868030633,5.333095345372679,M11_REVIN_MSR_DPS_CAL,cofactor_6426,30,42,revin,True,profile,True,False,True,1.25,0.913194058132104
1.0928591138263815,1.5490754901121613,19.28586180906499,1.0979430920008046,2.4475251499907738,M9_REVIN_MSR,cofactor_6428,3,42,revin,False,stats,True,False,False,1.0,
1.2219852855274655,1.7453286699437633,21.347132077257974,1.2462595017904559,2.8838042419789067,M11_REVIN_MSR_DPS_CAL,cofactor_6428,3,42,revin,True,profile,True,False,True,0.75,1.1093202697841533
1.1300362525445395,1.610366839407158,19.960118048639917,1.1473890726634326,2.9956803954100315,M9_REVIN_MSR,cofactor_6428,7,42,revin,False,stats,True,False,False,1.0,
1.2094360144140643,1.7219245829919156,21.020927447408376,1.2257730759794168,2.3699636534323525,M11_REVIN_MSR_DPS_CAL,cofactor_6428,7,42,revin,True,profile,True,False,True,1.25,1.100967220982386
1.1617485490421242,1.6590279063301427,20.638178360885966,1.1844532239153418,3.8590313392880433,M9_REVIN_MSR,cofactor_6428,14,42,revin,False,stats,True,False,False,1.0,
1.1738533311791874,1.6693387511146196,20.789672050272202,1.1870032387381355,2.934959028848015,M11_REVIN_MSR_DPS_CAL,cofactor_6428,14,42,revin,True,profile,True,False,True,1.0,1.0675093055661653
1.1264702392931272,1.590240662887079,20.30161693126166,1.1225523431106272,2.636217367382689,M9_REVIN_MSR,cofactor_6428,30,42,revin,False,stats,True,False,False,1.0,
1.1210092430269811,1.5703891079071741,20.387139235241712,1.0998391106689436,2.72112987209145,M11_REVIN_MSR_DPS_CAL,cofactor_6428,30,42,revin,True,profile,True,False,True,1.25,1.0325873433971917
1.7358726485945908,3.132977419526545,22.869695586114204,2.6082989800632648,4.250053840214294,M9_REVIN_MSR,cofactor_6429,3,42,revin,False,stats,True,False,False,1.0,
2.0354129203014004,3.593795944581731,27.1197898040055,2.9620369306100125,4.248954073911201,M11_REVIN_MSR_DPS_CAL,cofactor_6429,3,42,revin,True,profile,True,False,True,1.25,1.9407565694887206
1.9393912962400197,3.5471697972344787,25.494924481321828,2.9702492947112287,4.676324432059658,M9_REVIN_MSR,cofactor_6429,7,42,revin,False,stats,True,False,False,1.0,
2.0276794083294987,3.773646236474456,27.213608881093084,3.1828142913850663,4.663197568308333,M11_REVIN_MSR_DPS_CAL,cofactor_6429,7,42,revin,True,profile,True,False,True,1.25,1.909888288251381
1.9617753677838432,3.656525321418105,25.724714265901543,3.0859223076239886,5.176493462796723,M9_REVIN_MSR,cofactor_6429,14,42,revin,False,stats,True,False,False,1.0,
1.8305521937356588,3.205868730474752,26.33564037741283,2.6320372141452015,4.244089930226493,M11_REVIN_MSR_DPS_CAL,cofactor_6429,14,42,revin,True,profile,True,False,True,1.25,1.704529381877806
1.8742091087591088,3.3452856448590227,25.788801522419153,2.771159671359798,4.575204085461586,M9_REVIN_MSR,cofactor_6429,30,42,revin,False,stats,True,False,False,1.0,
1.7394497429017077,3.0056684478316575,25.00332247654121,2.451362638434435,4.140879054866358,M11_REVIN_MSR_DPS_CAL,cofactor_6429,30,42,revin,True,profile,True,False,True,1.25,1.6601184969715448
5.564160650913434,10.697860085817757,9.162522788529925,9.137600309972994,3.9498627944174567,M9_REVIN_MSR,cofactor_6431,3,42,revin,False,stats,True,False,False,1.0,
5.966718465098478,11.600176526537716,9.85081416028703,9.948662970215292,4.074358232374167,M11_REVIN_MSR_DPS_CAL,cofactor_6431,3,42,revin,True,profile,True,False,True,1.0,6.805493077927636
5.847771209240226,11.607991040348558,9.740479009854429,10.028099195373734,4.306068734185481,M9_REVIN_MSR,cofactor_6431,7,42,revin,False,stats,True,False,False,1.0,
5.883392507012528,11.541241771528993,9.753831798131877,9.929724642184668,3.9955604693698303,M11_REVIN_MSR_DPS_CAL,cofactor_6431,7,42,revin,True,profile,True,False,True,1.0,6.749517474839086
5.756976692146393,11.413153910451557,9.698459562929571,9.855484666381496,4.137183360012864,M9_REVIN_MSR,cofactor_6431,14,42,revin,False,stats,True,False,False,1.0,
5.875890260203593,11.66944255489001,9.862877348516928,10.082841825046838,4.326687104811882,M11_REVIN_MSR_DPS_CAL,cofactor_6431,14,42,revin,True,profile,True,False,True,1.25,6.762272531252002
5.745064507580725,11.579374711102927,9.729785546278057,10.054350807471906,4.324642527827886,M9_REVIN_MSR,cofactor_6431,30,42,revin,False,stats,True,False,False,1.0,
5.805961498270012,11.603300654452276,9.831824249227127,10.046949511090643,4.15247473528119,M11_REVIN_MSR_DPS_CAL,cofactor_6431,30,42,revin,True,profile,True,False,True,1.25,6.551713456223379
6.382313939324649,10.570931477595588,12.401381177323884,8.42735802724375,3.757151620336947,M9_REVIN_MSR,cofactor_6432,3,42,revin,False,stats,True,False,False,1.0,
6.711051860085839,10.90277716199045,13.251234981405835,8.593161265659305,3.7344507059849685,M11_REVIN_MSR_DPS_CAL,cofactor_6432,3,42,revin,True,profile,True,False,True,1.25,4.07685011524964
6.407630799307217,10.716896471303373,12.406926966762077,8.590938252608286,3.745707501515503,M9_REVIN_MSR,cofactor_6432,7,42,revin,False,stats,True,False,False,1.0,
6.864947736315171,11.19275090052955,13.487044934329198,8.840862119146523,3.562570610806481,M11_REVIN_MSR_DPS_CAL,cofactor_6432,7,42,revin,True,profile,True,False,True,1.25,4.09942099156984
6.4187037865612755,10.860274229178481,12.351438148847006,8.761066365715491,3.8259211180403314,M9_REVIN_MSR,cofactor_6432,14,42,revin,False,stats,True,False,False,1.0,
6.539387547870882,10.800622406001176,12.741469208636587,8.596508039745896,3.6112589468131295,M11_REVIN_MSR_DPS_CAL,cofactor_6432,14,42,revin,True,profile,True,False,True,1.25,3.8629959651430528
6.381060408634076,10.817470165846528,12.307620024470557,8.735568312063753,3.742378124239675,M9_REVIN_MSR,cofactor_6432,30,42,revin,False,stats,True,False,False,1.0,
6.33973353831603,10.597293703722558,12.336245341302547,8.492365100566948,3.6309785654555222,M11_REVIN_MSR_DPS_CAL,cofactor_6432,30,42,revin,True,profile,True,False,True,1.0,3.7931344159684333
1.8290351318642666,3.22495086305569,13.663754395611463,2.656304373531118,3.523766063448863,M9_REVIN_MSR,cofactor_6433,3,42,revin,False,stats,True,False,False,1.0,
2.044422096096249,3.729392046358549,15.288208658072822,3.11931116362705,3.893641670482894,M11_REVIN_MSR_DPS_CAL,cofactor_6433,3,42,revin,True,profile,True,False,True,1.25,2.180553312022875
2.1054430773349364,4.0496581404870735,15.169612836631321,3.459560826553174,4.723204960248132,M9_REVIN_MSR,cofactor_6433,7,42,revin,False,stats,True,False,False,1.0,
2.1787916602160524,3.969835841521243,15.727110630055465,3.3187417642828647,3.917967248922236,M11_REVIN_MSR_DPS_CAL,cofactor_6433,7,42,revin,True,profile,True,False,True,1.25,2.301981582641789
2.0437786733045527,3.8228989908059567,14.870450763255311,3.2309481814188983,4.172455325134697,M9_REVIN_MSR,cofactor_6433,14,42,revin,False,stats,True,False,False,1.0,
2.180078042177196,4.113938254385161,15.675433883214351,3.4890539924840933,4.14383682636022,M11_REVIN_MSR_DPS_CAL,cofactor_6433,14,42,revin,True,profile,True,False,True,1.25,2.3048402732813775
1.9900982906232187,3.6099119205467645,14.649696335366105,3.0120220957715262,3.877637095472634,M9_REVIN_MSR,cofactor_6433,30,42,revin,False,stats,True,False,False,1.0,
2.0655182943416737,3.8190909805165676,15.101952127724394,3.2125649856402547,3.9787353836649237,M11_REVIN_MSR_DPS_CAL,cofactor_6433,30,42,revin,True,profile,True,False,True,1.25,2.180283699092012
1.4160274583116532,2.3841519287854362,14.849345894333519,1.9182213473608345,3.3169696621151723,M9_REVIN_MSR,cofactor_6434,3,42,revin,False,stats,True,False,False,1.0,
1.4039713422648008,2.2806783049470183,14.909438556552141,1.79744826710984,3.0805024644097845,M11_REVIN_MSR_DPS_CAL,cofactor_6434,3,42,revin,True,profile,True,False,True,1.25,1.605420429361462
1.4535433959464816,2.459042039305718,15.364531990446126,1.983598327906388,3.9208456310548705,M9_REVIN_MSR,cofactor_6434,7,42,revin,False,stats,True,False,False,1.0,
1.4135339660506123,2.2650062193760294,15.192965866924082,1.7699217843088484,3.2409995010086856,M11_REVIN_MSR_DPS_CAL,cofactor_6434,7,42,revin,True,profile,True,False,True,1.25,1.5809537827167266
1.4809925844012302,2.524845648782438,15.657919202681972,2.045019535114198,4.108547634820484,M9_REVIN_MSR,cofactor_6434,14,42,revin,False,stats,True,False,False,1.0,
1.3929863525139798,2.262273222301387,15.055566210855547,1.7826732335760658,3.3290290915619667,M11_REVIN_MSR_DPS_CAL,cofactor_6434,14,42,revin,True,profile,True,False,True,1.25,1.5059627725161757
1.498144873164939,2.5407625184643177,15.994188884011026,2.052227746590418,3.786992100819282,M9_REVIN_MSR,cofactor_6434,30,42,revin,False,stats,True,False,False,1.0,
1.433150635401225,2.3123860979166535,15.734417913132553,1.8148498528421524,3.153535356380786,M11_REVIN_MSR_DPS_CAL,cofactor_6434,30,42,revin,True,profile,True,False,True,1.25,1.5601987659308068
3.4131787888854563,4.728720931758965,5.273814717960315,3.272994165931935,2.3606511941774886,M9_REVIN_MSR,cofactor_6436,3,42,revin,False,stats,True,False,False,1.0,
3.4423963853351722,4.709715118483471,5.26162031480251,3.214459490171502,2.218286024179991,M11_REVIN_MSR_DPS_CAL,cofactor_6436,3,42,revin,True,profile,True,False,True,1.0,3.3917822048724777
3.4619796447122564,4.893251119388972,5.4000522103903315,3.4583600572740134,2.5651772333778853,M9_REVIN_MSR,cofactor_6436,7,42,revin,False,stats,True,False,False,1.0,
3.345007975248518,4.673480746783581,5.145865910652412,3.2640181436183404,2.3289056673740736,M11_REVIN_MSR_DPS_CAL,cofactor_6436,7,42,revin,True,profile,True,False,True,1.0,3.3611848924556087
3.4170995784834557,4.798675180695574,5.330994245969975,3.3693145998890843,2.4503043902517745,M9_REVIN_MSR,cofactor_6436,14,42,revin,False,stats,True,False,False,1.0,
3.3200041277912575,4.546858446495184,5.1494513408848785,3.10689984826336,2.252097440636647,M11_REVIN_MSR_DPS_CAL,cofactor_6436,14,42,revin,True,profile,True,False,True,1.0,3.311253850599743
3.3246676560409334,4.6783863250825855,5.180003476582319,3.2917137102238048,2.3737355985467774,M9_REVIN_MSR,cofactor_6436,30,42,revin,False,stats,True,False,False,1.0,
3.2133809210346427,4.390203015638564,4.990016409819462,2.991538201838638,2.1587607907503923,M11_REVIN_MSR_DPS_CAL,cofactor_6436,30,42,revin,True,profile,True,False,True,1.0,3.322187945773656
1.7996007706675758,3.1735634554280407,30.733479769228357,2.614176712211678,4.411044241329426,M9_REVIN_MSR,cofactor_6437,3,42,revin,False,stats,True,False,False,1.0,
1.9491746524552669,3.512123634841508,33.119741904161046,2.9218063051298757,5.106173172606458,M11_REVIN_MSR_DPS_CAL,cofactor_6437,3,42,revin,True,profile,True,False,True,1.0,2.1008826070299977
1.8811331261716189,3.42568463449182,32.023550877883565,2.8631846496316427,5.373240856224365,M9_REVIN_MSR,cofactor_6437,7,42,revin,False,stats,True,False,False,1.0,
1.9718052676310365,3.680174176395699,33.315601638928776,3.1075790745718015,5.3183857630113165,M11_REVIN_MSR_DPS_CAL,cofactor_6437,7,42,revin,True,profile,True,False,True,0.75,2.1511035992756504
1.7027883081109352,2.8779563364770198,31.214103722663268,2.320326484285899,4.843491199398239,M9_REVIN_MSR,cofactor_6437,14,42,revin,False,stats,True,False,False,1.0,
1.8143161752679429,3.055118001435932,32.13857209029094,2.458224449543597,4.111283359729687,M11_REVIN_MSR_DPS_CAL,cofactor_6437,14,42,revin,True,profile,True,False,True,1.25,1.8972690967261354
1.5858566682981994,2.6306214886245596,30.879046591089317,2.0990136833768833,4.306537697058972,M9_REVIN_MSR,cofactor_6437,30,42,revin,False,stats,True,False,False,1.0,
1.6105268832161197,2.597767611182933,30.966617534417956,2.0384293594812597,3.9763840283782357,M11_REVIN_MSR_DPS_CAL,cofactor_6437,30,42,revin,True,profile,True,False,True,1.25,1.617757176778642
1.8546844357114174,5.456341173619311,3.285485259065574,5.131803225645597,4.977283126826871,M9_REVIN_MSR,cofactor_6438,3,42,revin,False,stats,True,False,False,1.0,
1.9578775507852308,5.833911780264716,3.4928177126037907,5.495941305083957,4.654548721474441,M11_REVIN_MSR_DPS_CAL,cofactor_6438,3,42,revin,True,profile,True,False,True,1.25,6.023880181454417
1.9291797865696778,5.625639051134239,3.411849563729974,5.284874429036333,5.098566552292411,M9_REVIN_MSR,cofactor_6438,7,42,revin,False,stats,True,False,False,1.0,
1.898797047560914,5.557306623269736,3.4248955279159574,5.2232131641449495,4.585534107233306,M11_REVIN_MSR_DPS_CAL,cofactor_6438,7,42,revin,True,profile,True,False,True,1.25,5.781268863454931
1.8476091350937358,5.236223954757809,3.354292415851185,4.89976155714832,5.280374304288967,M9_REVIN_MSR,cofactor_6438,14,42,revin,False,stats,True,False,False,1.0,
1.8257719984727423,5.0511048552613635,3.393382074134197,4.709909661963148,4.95117994108513,M11_REVIN_MSR_DPS_CAL,cofactor_6438,14,42,revin,True,profile,True,False,True,1.25,5.313161147072765
1.7856258416727828,5.096577258130195,3.2678022692739126,4.773861661002223,5.216461000442781,M9_REVIN_MSR,cofactor_6438,30,42,revin,False,stats,True,False,False,1.0,
1.8105313740919147,4.971301049321335,3.3133397697021687,4.63019877083329,4.973865881089089,M11_REVIN_MSR_DPS_CAL,cofactor_6438,30,42,revin,True,profile,True,False,True,1.25,5.243213990675727
1.6980950712871532,2.5849030303579204,11.847781983309886,1.949029512151331,3.0427259746748825,M9_REVIN_MSR,cofactor_6439,3,42,revin,False,stats,True,False,False,1.0,
1.7751960277777805,2.6950577176199935,12.420774215602933,2.027949037560449,3.2622738783928336,M11_REVIN_MSR_DPS_CAL,cofactor_6439,3,42,revin,True,profile,True,False,True,1.0,1.9132510183002034
1.710280545399347,2.6287389145168083,12.162495354582118,1.996435207132306,3.3120772297242747,M9_REVIN_MSR,cofactor_6439,7,42,revin,False,stats,True,False,False,1.0,
1.780102214568882,2.701898188691074,12.634429080949689,2.0327456123975938,3.1797879731385845,M11_REVIN_MSR_DPS_CAL,cofactor_6439,7,42,revin,True,profile,True,False,True,1.0,1.9270302493182323
1.746010902443484,2.6690611587513624,12.659372869828681,2.018883482964127,3.6263534832935083,M9_REVIN_MSR,cofactor_6439,14,42,revin,False,stats,True,False,False,1.0,
1.7045689733042657,2.5282485626017164,12.471530425504206,1.8673408984243123,2.8732157614919513,M11_REVIN_MSR_DPS_CAL,cofactor_6439,14,42,revin,True,profile,True,False,True,1.25,1.8203102698932638
1.7255807008900208,2.599487115818323,12.79249824575083,1.94427909931619,3.2806217231559196,M9_REVIN_MSR,cofactor_6439,30,42,revin,False,stats,True,False,False,1.0,
1.708482586224018,2.5856043529409507,12.546494620632586,1.9408637290673905,3.041750991773644,M11_REVIN_MSR_DPS_CAL,cofactor_6439,30,42,revin,True,profile,True,False,True,1.25,1.823603850736105
3.2603516711023657,6.519645387724282,9.311133135607296,5.646258988723496,4.3811896968894875,M9_REVIN_MSR,cofactor_6440,3,42,revin,False,stats,True,False,False,1.0,
3.5295285205890448,7.050613269581288,10.2215481310759,6.1039879312244665,4.4668811205006484,M11_REVIN_MSR_DPS_CAL,cofactor_6440,3,42,revin,True,profile,True,False,True,1.25,3.791381717043042
3.4351744041960677,7.068586716044061,9.748006408948928,6.1781641502583025,4.667673534077073,M9_REVIN_MSR,cofactor_6440,7,42,revin,False,stats,True,False,False,1.0,
3.635106476916212,7.62477372181202,10.517407895279755,6.702933421342269,4.648767699312758,M11_REVIN_MSR_DPS_CAL,cofactor_6440,7,42,revin,True,profile,True,False,True,1.25,3.8876600108921204
3.508559493175805,7.261752825444736,9.938174516992463,6.358348089864255,4.634271312103289,M9_REVIN_MSR,cofactor_6440,14,42,revin,False,stats,True,False,False,1.0,
3.576747319623724,7.620427592195893,10.289610546254066,6.729337635947266,4.704337406082348,M11_REVIN_MSR_DPS_CAL,cofactor_6440,14,42,revin,True,profile,True,False,True,1.0,3.880993187447121
3.361836409249179,6.6630535584464665,9.852947078090118,5.753161118461327,4.489826564758668,M9_REVIN_MSR,cofactor_6440,30,42,revin,False,stats,True,False,False,1.0,
3.2735972901742265,6.043926441893035,9.909692467910848,5.0809582107731925,4.098205897802931,M11_REVIN_MSR_DPS_CAL,cofactor_6440,30,42,revin,True,profile,True,False,True,1.25,3.645872584060621
3.6113066988741664,6.081511778924959,13.486437883833673,4.893516700670788,4.416729978271432,M9_REVIN_MSR,cofactor_6441,3,42,revin,False,stats,True,False,False,1.0,
3.554210065207932,5.705650846118384,13.733972336873851,4.463715018488089,3.8813914436635013,M11_REVIN_MSR_DPS_CAL,cofactor_6441,3,42,revin,True,profile,True,False,True,1.25,3.3980116106463885
3.7451246380575736,6.45573592872285,13.971102682416896,5.258738277758085,4.537477146421372,M9_REVIN_MSR,cofactor_6441,7,42,revin,False,stats,True,False,False,1.0,
3.5658270508677665,6.016275587151878,13.89690878314809,4.845992436996682,4.249145086838769,M11_REVIN_MSR_DPS_CAL,cofactor_6441,7,42,revin,True,profile,True,False,True,1.25,3.3896700092766534
3.6439938253376694,6.188671169455134,13.852856043395843,5.00243567353568,4.540471365915538,M9_REVIN_MSR,cofactor_6441,14,42,revin,False,stats,True,False,False,1.0,
3.378687432318903,5.481655909445021,13.415688746415091,4.316892031898002,3.911078743363395,M11_REVIN_MSR_DPS_CAL,cofactor_6441,14,42,revin,True,profile,True,False,True,1.25,3.1628684104836813
3.500378567138674,5.891385578803659,13.656164337082465,4.739074581147044,4.402566472740725,M9_REVIN_MSR,cofactor_6441,30,42,revin,False,stats,True,False,False,1.0,
3.3909148090485894,5.412747889068479,13.469917106184573,4.219236564354291,4.069705232998524,M11_REVIN_MSR_DPS_CAL,cofactor_6441,30,42,revin,True,profile,True,False,True,1.25,3.1261338753509675
5.048715677155645,7.387657414198224,5.939841746395207,5.393702335393412,2.395743131144633,M9_REVIN_MSR,cofactor_6442,3,42,revin,False,stats,True,False,False,1.0,
5.139729276885281,7.628960004683219,5.990703389233568,5.638143669448593,2.4372779361787913,M11_REVIN_MSR_DPS_CAL,cofactor_6442,3,42,revin,True,profile,True,False,True,1.0,5.243079321358849
5.251611560139778,7.840548368390383,6.1967800009427645,5.822329480237209,2.5302296297403073,M9_REVIN_MSR,cofactor_6442,7,42,revin,False,stats,True,False,False,1.0,
5.073459265055066,7.375271842013894,5.943777078445412,5.35337818216702,2.3773185575836053,M11_REVIN_MSR_DPS_CAL,cofactor_6442,7,42,revin,True,profile,True,False,True,1.25,5.154946282268265
4.977396838048459,7.274077076166587,5.912895977293649,5.304871136973223,2.4256405300181387,M9_REVIN_MSR,cofactor_6442,14,42,revin,False,stats,True,False,False,1.0,
4.791595943188339,7.044121082150861,5.709856580923224,5.163717945452523,2.4693201716434565,M11_REVIN_MSR_DPS_CAL,cofactor_6442,14,42,revin,True,profile,True,False,True,1.25,4.974875443158444
4.5916448798988005,6.520963783881651,5.4868105840180315,4.630633638613833,2.232288819439607,M9_REVIN_MSR,cofactor_6442,30,42,revin,False,stats,True,False,False,1.0,
4.600149623551873,6.587835190284475,5.468544159391878,4.716069301480156,2.3125237728641994,M11_REVIN_MSR_DPS_CAL,cofactor_6442,30,42,revin,True,profile,True,False,True,1.25,4.754223866559805
1.4890393024978967,2.623783655582846,19.8565341980324,2.160472316735518,4.127719124417845,M9_REVIN_MSR,cofactor_6443,3,42,revin,False,stats,True,False,False,1.0,
1.6575163648253737,2.9216985908321145,21.980917437679768,2.4061906695839324,4.564303313061555,M11_REVIN_MSR_DPS_CAL,cofactor_6443,3,42,revin,True,profile,True,False,True,1.0,1.6460480998468037
1.5940098208243998,2.9522666255503722,20.936922808739528,2.4851267727805864,4.597866124481714,M9_REVIN_MSR,cofactor_6443,7,42,revin,False,stats,True,False,False,1.0,
1.663301297344113,3.0655465088358773,21.81995163269,2.5752496356991883,4.60776611795342,M11_REVIN_MSR_DPS_CAL,cofactor_6443,7,42,revin,True,profile,True,False,True,1.0,1.664217683435271
1.5318062476274101,2.8982757893781015,20.68554414633335,2.4605689844076983,4.565730174002359,M9_REVIN_MSR,cofactor_6443,14,42,revin,False,stats,True,False,False,1.0,
1.4637128936734105,2.706474781095844,19.772527941767986,2.2766771374557804,4.286161634698112,M11_REVIN_MSR_DPS_CAL,cofactor_6443,14,42,revin,True,profile,True,False,True,1.25,1.4493462224516926
1.3917109379659045,2.5168210959208825,19.43033186237258,2.0971719671957434,4.080970477612765,M9_REVIN_MSR,cofactor_6443,30,42,revin,False,stats,True,False,False,1.0,
1.4080011355093638,2.455116424443097,19.538557877036794,2.011388190035659,4.104893359297456,M11_REVIN_MSR_DPS_CAL,cofactor_6443,30,42,revin,True,profile,True,False,True,1.0,1.3959642321327963
7.1894254380884295,12.769064500086502,15.930145025730456,10.553535243465795,4.461979984166297,M9_REVIN_MSR,cofactor_6444,3,42,revin,False,stats,True,False,False,1.0,
8.152378590733571,14.25686529435668,17.44285429046957,11.696858865198031,4.48451119886587,M11_REVIN_MSR_DPS_CAL,cofactor_6444,3,42,revin,True,profile,True,False,True,1.25,7.506919985081814
7.694895559683646,13.773213495817577,16.82575465425303,11.424038942774029,4.508117815710551,M9_REVIN_MSR,cofactor_6444,7,42,revin,False,stats,True,False,False,1.0,
8.033777459411198,14.293019744621898,17.178222508864955,11.822386880609375,4.453382907654176,M11_REVIN_MSR_DPS_CAL,cofactor_6444,7,42,revin,True,profile,True,False,True,1.0,7.421350943394465
7.625400876482221,13.748501216087984,16.67755423899123,11.440859916612276,4.686142341548807,M9_REVIN_MSR,cofactor_6444,14,42,revin,False,stats,True,False,False,1.0,
7.652915120844419,13.888450209584494,16.71754495067655,11.59056345383598,4.578119672108746,M11_REVIN_MSR_DPS_CAL,cofactor_6444,14,42,revin,True,profile,True,False,True,1.25,6.990577812797472
7.443699423670187,13.261386267676947,16.447751468832585,10.976016679032542,4.482287431351318,M9_REVIN_MSR,cofactor_6444,30,42,revin,False,stats,True,False,False,1.0,
7.672791796102802,13.713501214187538,16.747956207272757,11.36691993376252,4.482916296037185,M11_REVIN_MSR_DPS_CAL,cofactor_6444,30,42,revin,True,profile,True,False,True,1.0,6.944441305764411
7.238426486198682,13.160161201941841,11.636550514871617,10.991432275649215,3.661384588697781,M9_REVIN_MSR,cofactor_6445,3,42,revin,False,stats,True,False,False,1.0,
7.5401390312469685,13.386043291533884,12.69417407165339,11.0611585174953,3.7186544329217712,M11_REVIN_MSR_DPS_CAL,cofactor_6445,3,42,revin,True,profile,True,False,True,1.0,7.699292222841409
7.425306162547624,13.548703848539505,12.02062897579744,11.333570041213136,3.9723900026612187,M9_REVIN_MSR,cofactor_6445,7,42,revin,False,stats,True,False,False,1.0,
7.664177973874278,13.86907794479024,12.564529923131554,11.559844918544163,3.8435780504809287,M11_REVIN_MSR_DPS_CAL,cofactor_6445,7,42,revin,True,profile,True,False,True,1.25,7.512102440012124
7.565354431817795,13.93975832246087,12.26888862991454,11.709016426415829,4.076269821594396,M9_REVIN_MSR,cofactor_6445,14,42,revin,False,stats,True,False,False,1.0,
7.392384818402687,13.437219955300685,12.157606823719512,11.221799623948087,3.636345634600598,M11_REVIN_MSR_DPS_CAL,cofactor_6445,14,42,revin,True,profile,True,False,True,1.25,7.4607261745883795
7.43271744148058,13.69835157425655,12.133320198252278,11.507288848482014,3.8526671388957077,M9_REVIN_MSR,cofactor_6445,30,42,revin,False,stats,True,False,False,1.0,
7.436223937917306,13.610771343300499,12.315011294158028,11.40059140803466,3.684740760973694,M11_REVIN_MSR_DPS_CAL,cofactor_6445,30,42,revin,True,profile,True,False,True,1.0,7.592283724846507
