dataset,method,k,mean_MAE,median_MAE,p90_MAE,worst_MAE,mean_rank,top3_rate,n
BDG2-24,M9_REVIN_MSR,3,2.61284821458363,0.2964363012498782,5.2261741772745,37.26524263599395,2.6041666666666665,0.6666666666666666,24
BDG2-24,M3_ANCHOR_REVIN,3,2.711111555584868,0.32228903376498463,5.790669699990849,38.02442368072821,3.5,0.5416666666666666,24
BDG2-24,M11_REVIN_MSR_DPS_CAL,3,2.726193658633273,0.4053729435809564,5.659194483911037,36.54869446295291,3.2916666666666665,0.5416666666666666,24
BDG2-24,PARBoost,3,2.8712197288346304,0.40325318606064386,6.680191065158792,37.85395684985779,3.3541666666666665,0.5416666666666666,24
BDG2-24,Persistence,3,2.9377679420867935,0.42929112911224365,6.956539106369016,38.40132141113281,4.229166666666667,0.375,24
BDG2-24,RF-ST,3,3.217689239517942,0.7188195589331667,6.511714364792639,37.8418558377361,6.541666666666667,0.0,24
BDG2-24,ExtraTrees-ST,3,3.2954158572310064,0.8166913889709482,6.54014862775037,37.47263052028739,7.208333333333333,0.0,24
BDG2-24,HistGBDT-ST,3,3.367292405464736,0.9274782330186714,6.507658689280005,36.58655299877245,8.041666666666666,0.041666666666666664,24
BDG2-24,Seasonal naive,3,4.633439096156508,0.8041995763778687,9.532249259948728,41.7362174987793,6.229166666666667,0.25,24
BDG2-24,M11_REVIN_MSR_DPS_CAL,7,2.387005000568076,0.390437053531451,5.653543776035961,30.21395971959859,2.75,0.625,24
BDG2-24,M9_REVIN_MSR,7,2.520004500013249,0.32518593829377634,5.37214125033497,34.66209726960505,2.8333333333333335,0.6666666666666666,24
BDG2-24,M3_ANCHOR_REVIN,7,2.597442629010746,0.3387856254143355,6.137246717116112,34.56552582767158,3.875,0.4583333333333333,24
BDG2-24,PARBoost,7,2.6268293567672187,0.39492851348445257,6.809990213575132,33.649053504854415,3.625,0.4583333333333333,24
BDG2-24,RF-ST,7,2.9225995014157173,0.6730314229531991,6.450460806586782,32.42364828697759,6.5,0.041666666666666664,24
BDG2-24,Persistence,7,2.9377679420867935,0.42929112911224365,6.956539106369016,38.40132141113281,4.229166666666667,0.4583333333333333,24
BDG2-24,HistGBDT-ST,7,3.050613043079751,0.7641409855805694,6.5287414666417325,31.620914537300497,7.666666666666667,0.041666666666666664,24
BDG2-24,ExtraTrees-ST,7,3.0775097894839973,0.8057779774223743,6.53927185093123,33.259023940811815,7.375,0.0,24
BDG2-24,Seasonal naive,7,4.633439096156508,0.8041995763778687,9.532249259948728,41.7362174987793,6.145833333333333,0.3333333333333333,24
BDG2-24,M11_REVIN_MSR_DPS_CAL,14,2.2431824591527074,0.37517988868401914,5.465401196489634,27.941932148077328,2.75,0.6666666666666666,24
BDG2-24,M9_REVIN_MSR,14,2.299912049169845,0.30379137553982705,5.633232756609046,29.809923884431864,2.9166666666666665,0.6666666666666666,24
BDG2-24,M3_ANCHOR_REVIN,14,2.397453266953033,0.3024921172762277,6.117409219242768,30.66924861012026,3.8333333333333335,0.4583333333333333,24
BDG2-24,PARBoost,14,2.488227467696366,0.37208262814065707,6.419230685530956,31.84344662373501,3.5,0.5,24
BDG2-24,RF-ST,14,2.829953751063273,0.654952822744361,6.045186696310291,31.72186485401569,6.375,0.041666666666666664,24
BDG2-24,Persistence,14,2.9377679420867935,0.42929112911224365,6.956539106369016,38.40132141113281,4.229166666666667,0.4583333333333333,24
BDG2-24,HistGBDT-ST,14,2.9882734172223917,0.8172041417864115,6.236044041092427,30.77723232450424,7.791666666666667,0.0,24
BDG2-24,ExtraTrees-ST,14,3.024794665797946,0.800448440368633,6.209196046523122,33.24437490624801,7.458333333333333,0.0,24
BDG2-24,Seasonal naive,14,4.633439096156508,0.8041995763778687,9.532249259948728,41.7362174987793,6.145833333333333,0.3333333333333333,24
BDG2-24,M9_REVIN_MSR,30,2.0004894872101056,0.26387639202132435,4.190827760132465,25.379867338958555,2.7916666666666665,0.6666666666666666,24
BDG2-24,M11_REVIN_MSR_DPS_CAL,30,2.0429985187298136,0.3654624630507804,4.2556453162705346,25.217186981346437,2.75,0.6666666666666666,24
BDG2-24,M3_ANCHOR_REVIN,30,2.0727903728465784,0.275437775967766,4.454042776098406,26.32213267104156,3.6666666666666665,0.5416666666666666,24
BDG2-24,PARBoost,30,2.1638980555321274,0.36408557369818106,4.264549805051194,27.365259606046,3.2916666666666665,0.4583333333333333,24
BDG2-24,RF-ST,30,2.7076155608401926,0.6209225069039348,4.868691773793586,31.25612104064494,6.5,0.041666666666666664,24
BDG2-24,HistGBDT-ST,30,2.8100503855669827,0.7220275999692736,5.1490893698781965,30.067499489072656,7.625,0.0,24
BDG2-24,ExtraTrees-ST,30,2.8666142627782727,0.7769574323699343,4.74110422391193,32.14947892494499,7.625,0.0,24
BDG2-24,Persistence,30,2.9377679420867935,0.42929112911224365,6.956539106369016,38.40132141113281,4.229166666666667,0.4583333333333333,24
BDG2-24,Seasonal naive,30,4.633439096156508,0.8041995763778687,9.532249259948728,41.7362174987793,6.520833333333333,0.2916666666666667,24
COFACTOR-44,M9_REVIN_MSR,3,3.518428681930081,2.787564259701722,6.484921557124523,10.335615258964284,1.0909090909090908,1.0,44
COFACTOR-44,M11_REVIN_MSR_DPS_CAL,3,3.684926074230586,2.9447675092705703,6.680068780123376,10.245716550731096,2.840909090909091,0.75,44
COFACTOR-44,ExtraTrees-ST,3,3.8592730095694545,3.363312912485669,6.959681884222773,12.40160752311806,3.0454545454545454,0.6590909090909091,44
COFACTOR-44,PARBoost,3,3.891350985206103,3.1356788975600116,6.948695016753712,11.491798222808216,4.340909090909091,0.3409090909090909,44
COFACTOR-44,RF-ST,3,3.9951370571936566,3.2680436623240725,7.200534247490293,12.545154553183693,4.7272727272727275,0.1590909090909091,44
COFACTOR-44,HistGBDT-ST,3,4.121056584021682,3.7907290743907494,7.784013449395535,13.260400794177478,5.318181818181818,0.09090909090909091,44
COFACTOR-44,Persistence,3,4.395093072544444,3.871438503265381,7.841667127609255,13.373018264770508,6.636363636363637,0.0,44
COFACTOR-44,Seasonal naive,3,8.273146152496338,5.49090313911438,17.01275329589844,25.146255493164062,8.0,0.0,44
COFACTOR-44,M9_REVIN_MSR,7,3.6331043619859034,2.888953775480678,6.590744566771168,10.720022686930657,1.6590909090909092,0.9318181818181818,44
COFACTOR-44,M11_REVIN_MSR_DPS_CAL,7,3.7312163210619347,2.910577814588997,6.748446723477238,11.01329378564051,2.75,0.7272727272727273,44
COFACTOR-44,ExtraTrees-ST,7,3.857648979622794,3.2964738035443437,6.943027956988146,12.67271985475228,2.727272727272727,0.75,44
COFACTOR-44,PARBoost,7,3.9274154584481704,3.114716046283063,7.06625756573249,11.802311951738906,4.5227272727272725,0.29545454545454547,44
COFACTOR-44,RF-ST,7,3.9887827402623017,3.2362201349420943,7.218082043146986,12.82526842280339,4.590909090909091,0.18181818181818182,44
COFACTOR-44,HistGBDT-ST,7,4.097348538842154,3.7555379289697646,7.7646515848782425,13.127477785616732,5.136363636363637,0.09090909090909091,44
COFACTOR-44,Persistence,7,4.395093072544444,3.871438503265381,7.841667127609255,13.373018264770508,6.613636363636363,0.022727272727272728,44
COFACTOR-44,Seasonal naive,7,8.273146152496338,5.49090313911438,17.01275329589844,25.146255493164062,8.0,0.0,44
COFACTOR-44,M11_REVIN_MSR_DPS_CAL,14,3.6011452646092708,2.8067207807673746,6.499054036622697,10.366615327507011,1.8409090909090908,0.9090909090909091,44
COFACTOR-44,M9_REVIN_MSR,14,3.6335329777395695,2.903437615289598,6.395200732989678,10.677614933684628,2.409090909090909,0.8409090909090909,44
COFACTOR-44,ExtraTrees-ST,14,3.771369673650247,3.2264639252808647,6.877448789009715,11.54131221478232,2.8181818181818183,0.7045454545454546,44
COFACTOR-44,PARBoost,14,3.83224471065072,3.137672200283367,6.967488370207364,11.45208298517064,4.295454545454546,0.3181818181818182,44
COFACTOR-44,RF-ST,14,3.896568449782286,3.247370995028673,7.132064395691605,11.721561606758998,4.7272727272727275,0.13636363636363635,44
COFACTOR-44,HistGBDT-ST,14,3.96501467130703,3.637982036205936,7.451722244260981,12.070952848691489,5.204545454545454,0.06818181818181818,44
COFACTOR-44,Persistence,14,4.395093072544444,3.871438503265381,7.841667127609255,13.373018264770508,6.704545454545454,0.022727272727272728,44
COFACTOR-44,Seasonal naive,14,8.273146152496338,5.49090313911438,17.01275329589844,25.146255493164062,8.0,0.0,44
COFACTOR-44,M11_REVIN_MSR_DPS_CAL,30,3.5227622306926705,2.7632328165254085,6.426051954145822,9.95292019736092,1.7045454545454546,0.9545454545454546,44
COFACTOR-44,M9_REVIN_MSR,30,3.534541097309916,2.788278461943306,6.372606369257038,10.304310154559603,1.9318181818181819,0.9318181818181818,44
COFACTOR-44,ExtraTrees-ST,30,3.7062308005592923,3.200823439717932,6.840579455748067,10.984623574108625,3.227272727272727,0.6363636363636364,44
COFACTOR-44,PARBoost,30,3.742703502495439,3.1422954172891346,6.94210285240796,10.829073858777582,4.2727272727272725,0.36363636363636365,44
COFACTOR-44,RF-ST,30,3.8220234535849618,3.202426963900409,7.0491959412365786,11.247492725495569,4.75,0.06818181818181818,44
COFACTOR-44,HistGBDT-ST,30,3.867567498975624,3.479259066691822,7.358828894026742,11.136287136920531,5.318181818181818,0.045454545454545456,44
COFACTOR-44,Persistence,30,4.395093072544444,3.871438503265381,7.841667127609255,13.373018264770508,6.795454545454546,0.0,44
COFACTOR-44,Seasonal naive,30,8.273146152496338,5.49090313911438,17.01275329589844,25.146255493164062,8.0,0.0,44
